"","date","state","fips","cases","deaths"
"1","2020-01-21","Washington",53,1,0
"2","2020-01-22","Washington",53,1,0
"3","2020-01-23","Washington",53,1,0
"4","2020-01-24","Illinois",17,1,0
"5","2020-01-24","Washington",53,1,0
"6","2020-01-25","California",6,1,0
"7","2020-01-25","Illinois",17,1,0
"8","2020-01-25","Washington",53,1,0
"9","2020-01-26","Arizona",4,1,0
"10","2020-01-26","California",6,2,0
"11","2020-01-26","Illinois",17,1,0
"12","2020-01-26","Washington",53,1,0
"13","2020-01-27","Arizona",4,1,0
"14","2020-01-27","California",6,2,0
"15","2020-01-27","Illinois",17,1,0
"16","2020-01-27","Washington",53,1,0
"17","2020-01-28","Arizona",4,1,0
"18","2020-01-28","California",6,2,0
"19","2020-01-28","Illinois",17,1,0
"20","2020-01-28","Washington",53,1,0
"21","2020-01-29","Arizona",4,1,0
"22","2020-01-29","California",6,2,0
"23","2020-01-29","Illinois",17,1,0
"24","2020-01-29","Washington",53,1,0
"25","2020-01-30","Arizona",4,1,0
"26","2020-01-30","California",6,2,0
"27","2020-01-30","Illinois",17,2,0
"28","2020-01-30","Washington",53,1,0
"29","2020-01-31","Arizona",4,1,0
"30","2020-01-31","California",6,3,0
"31","2020-01-31","Illinois",17,2,0
"32","2020-01-31","Washington",53,1,0
"33","2020-02-01","Arizona",4,1,0
"34","2020-02-01","California",6,3,0
"35","2020-02-01","Illinois",17,2,0
"36","2020-02-01","Massachusetts",25,1,0
"37","2020-02-01","Washington",53,1,0
"38","2020-02-02","Arizona",4,1,0
"39","2020-02-02","California",6,6,0
"40","2020-02-02","Illinois",17,2,0
"41","2020-02-02","Massachusetts",25,1,0
"42","2020-02-02","Washington",53,1,0
"43","2020-02-03","Arizona",4,1,0
"44","2020-02-03","California",6,6,0
"45","2020-02-03","Illinois",17,2,0
"46","2020-02-03","Massachusetts",25,1,0
"47","2020-02-03","Washington",53,1,0
"48","2020-02-04","Arizona",4,1,0
"49","2020-02-04","California",6,6,0
"50","2020-02-04","Illinois",17,2,0
"51","2020-02-04","Massachusetts",25,1,0
"52","2020-02-04","Washington",53,1,0
"53","2020-02-05","Arizona",4,1,0
"54","2020-02-05","California",6,6,0
"55","2020-02-05","Illinois",17,2,0
"56","2020-02-05","Massachusetts",25,1,0
"57","2020-02-05","Washington",53,1,0
"58","2020-02-05","Wisconsin",55,1,0
"59","2020-02-06","Arizona",4,1,0
"60","2020-02-06","California",6,6,0
"61","2020-02-06","Illinois",17,2,0
"62","2020-02-06","Massachusetts",25,1,0
"63","2020-02-06","Washington",53,1,0
"64","2020-02-06","Wisconsin",55,1,0
"65","2020-02-07","Arizona",4,1,0
"66","2020-02-07","California",6,6,0
"67","2020-02-07","Illinois",17,2,0
"68","2020-02-07","Massachusetts",25,1,0
"69","2020-02-07","Washington",53,1,0
"70","2020-02-07","Wisconsin",55,1,0
"71","2020-02-08","Arizona",4,1,0
"72","2020-02-08","California",6,6,0
"73","2020-02-08","Illinois",17,2,0
"74","2020-02-08","Massachusetts",25,1,0
"75","2020-02-08","Washington",53,1,0
"76","2020-02-08","Wisconsin",55,1,0
"77","2020-02-09","Arizona",4,1,0
"78","2020-02-09","California",6,6,0
"79","2020-02-09","Illinois",17,2,0
"80","2020-02-09","Massachusetts",25,1,0
"81","2020-02-09","Washington",53,1,0
"82","2020-02-09","Wisconsin",55,1,0
"83","2020-02-10","Arizona",4,1,0
"84","2020-02-10","California",6,7,0
"85","2020-02-10","Illinois",17,2,0
"86","2020-02-10","Massachusetts",25,1,0
"87","2020-02-10","Washington",53,1,0
"88","2020-02-10","Wisconsin",55,1,0
"89","2020-02-11","Arizona",4,1,0
"90","2020-02-11","California",6,7,0
"91","2020-02-11","Illinois",17,2,0
"92","2020-02-11","Massachusetts",25,1,0
"93","2020-02-11","Washington",53,1,0
"94","2020-02-11","Wisconsin",55,1,0
"95","2020-02-12","Arizona",4,1,0
"96","2020-02-12","California",6,7,0
"97","2020-02-12","Illinois",17,2,0
"98","2020-02-12","Massachusetts",25,1,0
"99","2020-02-12","Texas",48,1,0
"100","2020-02-12","Washington",53,1,0
"101","2020-02-12","Wisconsin",55,1,0
"102","2020-02-13","Arizona",4,1,0
"103","2020-02-13","California",6,7,0
"104","2020-02-13","Illinois",17,2,0
"105","2020-02-13","Massachusetts",25,1,0
"106","2020-02-13","Texas",48,2,0
"107","2020-02-13","Washington",53,1,0
"108","2020-02-13","Wisconsin",55,1,0
"109","2020-02-14","Arizona",4,1,0
"110","2020-02-14","California",6,7,0
"111","2020-02-14","Illinois",17,2,0
"112","2020-02-14","Massachusetts",25,1,0
"113","2020-02-14","Texas",48,2,0
"114","2020-02-14","Washington",53,1,0
"115","2020-02-14","Wisconsin",55,1,0
"116","2020-02-15","Arizona",4,1,0
"117","2020-02-15","California",6,7,0
"118","2020-02-15","Illinois",17,2,0
"119","2020-02-15","Massachusetts",25,1,0
"120","2020-02-15","Texas",48,2,0
"121","2020-02-15","Washington",53,1,0
"122","2020-02-15","Wisconsin",55,1,0
"123","2020-02-16","Arizona",4,1,0
"124","2020-02-16","California",6,7,0
"125","2020-02-16","Illinois",17,2,0
"126","2020-02-16","Massachusetts",25,1,0
"127","2020-02-16","Texas",48,2,0
"128","2020-02-16","Washington",53,1,0
"129","2020-02-16","Wisconsin",55,1,0
"130","2020-02-17","Arizona",4,1,0
"131","2020-02-17","California",6,7,0
"132","2020-02-17","Illinois",17,2,0
"133","2020-02-17","Massachusetts",25,1,0
"134","2020-02-17","Nebraska",31,10,0
"135","2020-02-17","Texas",48,2,0
"136","2020-02-17","Washington",53,1,0
"137","2020-02-17","Wisconsin",55,1,0
"138","2020-02-18","Arizona",4,1,0
"139","2020-02-18","California",6,7,0
"140","2020-02-18","Illinois",17,2,0
"141","2020-02-18","Massachusetts",25,1,0
"142","2020-02-18","Nebraska",31,10,0
"143","2020-02-18","Texas",48,2,0
"144","2020-02-18","Washington",53,1,0
"145","2020-02-18","Wisconsin",55,1,0
"146","2020-02-19","Arizona",4,1,0
"147","2020-02-19","California",6,7,0
"148","2020-02-19","Illinois",17,2,0
"149","2020-02-19","Massachusetts",25,1,0
"150","2020-02-19","Nebraska",31,10,0
"151","2020-02-19","Texas",48,2,0
"152","2020-02-19","Washington",53,1,0
"153","2020-02-19","Wisconsin",55,1,0
"154","2020-02-20","Arizona",4,1,0
"155","2020-02-20","California",6,8,0
"156","2020-02-20","Illinois",17,2,0
"157","2020-02-20","Massachusetts",25,1,0
"158","2020-02-20","Nebraska",31,11,0
"159","2020-02-20","Texas",48,2,0
"160","2020-02-20","Washington",53,1,0
"161","2020-02-20","Wisconsin",55,1,0
"162","2020-02-21","Arizona",4,1,0
"163","2020-02-21","California",6,9,0
"164","2020-02-21","Illinois",17,2,0
"165","2020-02-21","Massachusetts",25,1,0
"166","2020-02-21","Nebraska",31,11,0
"167","2020-02-21","Texas",48,4,0
"168","2020-02-21","Washington",53,1,0
"169","2020-02-21","Wisconsin",55,1,0
"170","2020-02-22","Arizona",4,1,0
"171","2020-02-22","California",6,9,0
"172","2020-02-22","Illinois",17,2,0
"173","2020-02-22","Massachusetts",25,1,0
"174","2020-02-22","Nebraska",31,11,0
"175","2020-02-22","Texas",48,4,0
"176","2020-02-22","Washington",53,1,0
"177","2020-02-22","Wisconsin",55,1,0
"178","2020-02-23","Arizona",4,1,0
"179","2020-02-23","California",6,9,0
"180","2020-02-23","Illinois",17,2,0
"181","2020-02-23","Massachusetts",25,1,0
"182","2020-02-23","Nebraska",31,11,0
"183","2020-02-23","Texas",48,4,0
"184","2020-02-23","Washington",53,1,0
"185","2020-02-23","Wisconsin",55,1,0
"186","2020-02-24","Arizona",4,1,0
"187","2020-02-24","California",6,11,0
"188","2020-02-24","Illinois",17,2,0
"189","2020-02-24","Massachusetts",25,1,0
"190","2020-02-24","Nebraska",31,12,0
"191","2020-02-24","Texas",48,10,0
"192","2020-02-24","Washington",53,5,0
"193","2020-02-24","Wisconsin",55,1,0
"194","2020-02-25","Arizona",4,1,0
"195","2020-02-25","California",6,11,0
"196","2020-02-25","Illinois",17,2,0
"197","2020-02-25","Massachusetts",25,1,0
"198","2020-02-25","Nebraska",31,13,0
"199","2020-02-25","Texas",48,10,0
"200","2020-02-25","Utah",49,1,0
"201","2020-02-25","Washington",53,5,0
"202","2020-02-25","Wisconsin",55,1,0
"203","2020-02-26","Arizona",4,1,0
"204","2020-02-26","California",6,26,0
"205","2020-02-26","Illinois",17,2,0
"206","2020-02-26","Massachusetts",25,1,0
"207","2020-02-26","Nebraska",31,13,0
"208","2020-02-26","Texas",48,10,0
"209","2020-02-26","Utah",49,1,0
"210","2020-02-26","Washington",53,5,0
"211","2020-02-26","Wisconsin",55,1,0
"212","2020-02-27","Arizona",4,1,0
"213","2020-02-27","California",6,26,0
"214","2020-02-27","Illinois",17,2,0
"215","2020-02-27","Massachusetts",25,1,0
"216","2020-02-27","Nebraska",31,13,0
"217","2020-02-27","Texas",48,10,0
"218","2020-02-27","Utah",49,1,0
"219","2020-02-27","Washington",53,5,0
"220","2020-02-27","Wisconsin",55,1,0
"221","2020-02-28","Arizona",4,1,0
"222","2020-02-28","California",6,27,0
"223","2020-02-28","Illinois",17,2,0
"224","2020-02-28","Massachusetts",25,1,0
"225","2020-02-28","Nebraska",31,13,0
"226","2020-02-28","Oregon",41,1,0
"227","2020-02-28","Texas",48,11,0
"228","2020-02-28","Utah",49,1,0
"229","2020-02-28","Washington",53,7,0
"230","2020-02-28","Wisconsin",55,1,0
"231","2020-02-29","Arizona",4,1,0
"232","2020-02-29","California",6,28,0
"233","2020-02-29","Illinois",17,3,0
"234","2020-02-29","Massachusetts",25,1,0
"235","2020-02-29","Nebraska",31,13,0
"236","2020-02-29","Oregon",41,1,0
"237","2020-02-29","Texas",48,11,0
"238","2020-02-29","Utah",49,1,0
"239","2020-02-29","Washington",53,10,1
"240","2020-02-29","Wisconsin",55,1,0
"241","2020-03-01","Arizona",4,1,0
"242","2020-03-01","California",6,33,0
"243","2020-03-01","Florida",12,2,0
"244","2020-03-01","Illinois",17,3,0
"245","2020-03-01","Massachusetts",25,1,0
"246","2020-03-01","Nebraska",31,13,0
"247","2020-03-01","New York",36,1,0
"248","2020-03-01","Oregon",41,2,0
"249","2020-03-01","Rhode Island",44,2,0
"250","2020-03-01","Texas",48,11,0
"251","2020-03-01","Utah",49,1,0
"252","2020-03-01","Washington",53,17,3
"253","2020-03-01","Wisconsin",55,1,0
"254","2020-03-02","Arizona",4,1,0
"255","2020-03-02","California",6,38,0
"256","2020-03-02","Florida",12,2,0
"257","2020-03-02","Georgia",13,2,0
"258","2020-03-02","Illinois",17,4,0
"259","2020-03-02","Massachusetts",25,2,0
"260","2020-03-02","Nebraska",31,13,0
"261","2020-03-02","New Hampshire",33,1,0
"262","2020-03-02","New York",36,1,0
"263","2020-03-02","Oregon",41,2,0
"264","2020-03-02","Rhode Island",44,2,0
"265","2020-03-02","Texas",48,11,0
"266","2020-03-02","Utah",49,1,0
"267","2020-03-02","Washington",53,23,6
"268","2020-03-02","Wisconsin",55,1,0
"269","2020-03-03","Arizona",4,2,0
"270","2020-03-03","California",6,45,0
"271","2020-03-03","Florida",12,3,0
"272","2020-03-03","Georgia",13,2,0
"273","2020-03-03","Illinois",17,4,0
"274","2020-03-03","Massachusetts",25,2,0
"275","2020-03-03","Nebraska",31,13,0
"276","2020-03-03","New Hampshire",33,2,0
"277","2020-03-03","New York",36,2,0
"278","2020-03-03","North Carolina",37,1,0
"279","2020-03-03","Oregon",41,2,0
"280","2020-03-03","Rhode Island",44,2,0
"281","2020-03-03","Texas",48,11,0
"282","2020-03-03","Utah",49,1,0
"283","2020-03-03","Washington",53,32,10
"284","2020-03-03","Wisconsin",55,1,0
"285","2020-03-04","Arizona",4,2,0
"286","2020-03-04","California",6,55,1
"287","2020-03-04","Florida",12,3,0
"288","2020-03-04","Georgia",13,2,0
"289","2020-03-04","Illinois",17,4,0
"290","2020-03-04","Massachusetts",25,2,0
"291","2020-03-04","Nebraska",31,13,0
"292","2020-03-04","New Hampshire",33,2,0
"293","2020-03-04","New Jersey",34,1,0
"294","2020-03-04","New York",36,11,0
"295","2020-03-04","North Carolina",37,1,0
"296","2020-03-04","Oregon",41,2,0
"297","2020-03-04","Rhode Island",44,2,0
"298","2020-03-04","Texas",48,12,0
"299","2020-03-04","Utah",49,1,0
"300","2020-03-04","Washington",53,47,11
"301","2020-03-04","Wisconsin",55,1,0
"302","2020-03-05","Arizona",4,2,0
"303","2020-03-05","California",6,67,1
"304","2020-03-05","Colorado",8,2,0
"305","2020-03-05","Florida",12,4,0
"306","2020-03-05","Georgia",13,2,0
"307","2020-03-05","Illinois",17,5,0
"308","2020-03-05","Maryland",24,3,0
"309","2020-03-05","Massachusetts",25,3,0
"310","2020-03-05","Nebraska",31,13,0
"311","2020-03-05","Nevada",32,2,0
"312","2020-03-05","New Hampshire",33,2,0
"313","2020-03-05","New Jersey",34,2,0
"314","2020-03-05","New York",36,22,0
"315","2020-03-05","North Carolina",37,1,0
"316","2020-03-05","Oregon",41,2,0
"317","2020-03-05","Rhode Island",44,2,0
"318","2020-03-05","Tennessee",47,1,0
"319","2020-03-05","Texas",48,16,0
"320","2020-03-05","Utah",49,1,0
"321","2020-03-05","Washington",53,75,11
"322","2020-03-05","Wisconsin",55,1,0
"323","2020-03-06","Arizona",4,3,0
"324","2020-03-06","California",6,81,1
"325","2020-03-06","Colorado",8,8,0
"326","2020-03-06","Florida",12,7,2
"327","2020-03-06","Georgia",13,3,0
"328","2020-03-06","Hawaii",15,1,0
"329","2020-03-06","Illinois",17,6,0
"330","2020-03-06","Indiana",18,1,0
"331","2020-03-06","Kentucky",21,1,0
"332","2020-03-06","Maryland",24,3,0
"333","2020-03-06","Massachusetts",25,8,0
"334","2020-03-06","Minnesota",27,1,0
"335","2020-03-06","Nebraska",31,14,0
"336","2020-03-06","Nevada",32,2,0
"337","2020-03-06","New Hampshire",33,2,0
"338","2020-03-06","New Jersey",34,4,0
"339","2020-03-06","New York",36,44,0
"340","2020-03-06","North Carolina",37,2,0
"341","2020-03-06","Oklahoma",40,1,0
"342","2020-03-06","Oregon",41,2,0
"343","2020-03-06","Pennsylvania",42,2,0
"344","2020-03-06","Rhode Island",44,3,0
"345","2020-03-06","South Carolina",45,2,0
"346","2020-03-06","Tennessee",47,1,0
"347","2020-03-06","Texas",48,19,0
"348","2020-03-06","Utah",49,3,0
"349","2020-03-06","Washington",53,86,12
"350","2020-03-06","Wisconsin",55,1,0
"351","2020-03-07","Arizona",4,5,0
"352","2020-03-07","California",6,100,1
"353","2020-03-07","Colorado",8,8,0
"354","2020-03-07","District of Columbia",11,1,0
"355","2020-03-07","Florida",12,12,2
"356","2020-03-07","Georgia",13,7,0
"357","2020-03-07","Hawaii",15,1,0
"358","2020-03-07","Illinois",17,6,0
"359","2020-03-07","Indiana",18,1,0
"360","2020-03-07","Kansas",20,1,0
"361","2020-03-07","Kentucky",21,1,0
"362","2020-03-07","Maryland",24,3,0
"363","2020-03-07","Massachusetts",25,13,0
"364","2020-03-07","Minnesota",27,1,0
"365","2020-03-07","Missouri",29,1,0
"366","2020-03-07","Nebraska",31,14,0
"367","2020-03-07","Nevada",32,2,0
"368","2020-03-07","New Hampshire",33,4,0
"369","2020-03-07","New Jersey",34,4,0
"370","2020-03-07","New York",36,89,0
"371","2020-03-07","North Carolina",37,2,0
"372","2020-03-07","Oklahoma",40,1,0
"373","2020-03-07","Oregon",41,6,0
"374","2020-03-07","Pennsylvania",42,4,0
"375","2020-03-07","Rhode Island",44,3,0
"376","2020-03-07","South Carolina",45,2,0
"377","2020-03-07","Tennessee",47,1,0
"378","2020-03-07","Texas",48,19,0
"379","2020-03-07","Utah",49,3,0
"380","2020-03-07","Vermont",50,1,0
"381","2020-03-07","Virginia",51,1,0
"382","2020-03-07","Washington",53,110,16
"383","2020-03-07","Wisconsin",55,1,0
"384","2020-03-08","Arizona",4,5,0
"385","2020-03-08","California",6,112,1
"386","2020-03-08","Colorado",8,8,0
"387","2020-03-08","Connecticut",9,1,0
"388","2020-03-08","District of Columbia",11,1,0
"389","2020-03-08","Florida",12,13,2
"390","2020-03-08","Georgia",13,11,0
"391","2020-03-08","Hawaii",15,2,0
"392","2020-03-08","Illinois",17,7,0
"393","2020-03-08","Indiana",18,2,0
"394","2020-03-08","Iowa",19,3,0
"395","2020-03-08","Kansas",20,1,0
"396","2020-03-08","Kentucky",21,4,0
"397","2020-03-08","Maryland",24,5,0
"398","2020-03-08","Massachusetts",25,28,0
"399","2020-03-08","Minnesota",27,2,0
"400","2020-03-08","Missouri",29,1,0
"401","2020-03-08","Nebraska",31,16,0
"402","2020-03-08","Nevada",32,4,0
"403","2020-03-08","New Hampshire",33,4,0
"404","2020-03-08","New Jersey",34,6,0
"405","2020-03-08","New York",36,106,0
"406","2020-03-08","North Carolina",37,2,0
"407","2020-03-08","Oklahoma",40,1,0
"408","2020-03-08","Oregon",41,13,0
"409","2020-03-08","Pennsylvania",42,6,0
"410","2020-03-08","Rhode Island",44,3,0
"411","2020-03-08","South Carolina",45,6,0
"412","2020-03-08","Tennessee",47,3,0
"413","2020-03-08","Texas",48,23,0
"414","2020-03-08","Utah",49,3,0
"415","2020-03-08","Vermont",50,1,0
"416","2020-03-08","Virginia",51,2,0
"417","2020-03-08","Washington",53,141,19
"418","2020-03-08","Wisconsin",55,1,0
"419","2020-03-09","Arizona",4,6,0
"420","2020-03-09","California",6,172,2
"421","2020-03-09","Colorado",8,12,0
"422","2020-03-09","Connecticut",9,2,0
"423","2020-03-09","District of Columbia",11,4,0
"424","2020-03-09","Florida",12,14,2
"425","2020-03-09","Georgia",13,17,0
"426","2020-03-09","Hawaii",15,2,0
"427","2020-03-09","Illinois",17,11,0
"428","2020-03-09","Indiana",18,4,0
"429","2020-03-09","Iowa",19,8,0
"430","2020-03-09","Kansas",20,1,0
"431","2020-03-09","Kentucky",21,5,0
"432","2020-03-09","Louisiana",22,1,0
"433","2020-03-09","Maryland",24,6,0
"434","2020-03-09","Massachusetts",25,41,0
"435","2020-03-09","Minnesota",27,2,0
"436","2020-03-09","Missouri",29,1,0
"437","2020-03-09","Nebraska",31,16,0
"438","2020-03-09","Nevada",32,4,0
"439","2020-03-09","New Hampshire",33,4,0
"440","2020-03-09","New Jersey",34,11,0
"441","2020-03-09","New York",36,142,0
"442","2020-03-09","North Carolina",37,7,0
"443","2020-03-09","Ohio",39,3,0
"444","2020-03-09","Oklahoma",40,1,0
"445","2020-03-09","Oregon",41,13,0
"446","2020-03-09","Pennsylvania",42,10,0
"447","2020-03-09","Rhode Island",44,3,0
"448","2020-03-09","South Carolina",45,7,0
"449","2020-03-09","Tennessee",47,4,0
"450","2020-03-09","Texas",48,24,0
"451","2020-03-09","Utah",49,3,0
"452","2020-03-09","Vermont",50,1,0
"453","2020-03-09","Virginia",51,5,0
"454","2020-03-09","Washington",53,179,22
"455","2020-03-09","Wisconsin",55,2,0
"456","2020-03-10","Arizona",4,6,0
"457","2020-03-10","California",6,179,3
"458","2020-03-10","Colorado",8,17,0
"459","2020-03-10","Connecticut",9,2,0
"460","2020-03-10","District of Columbia",11,4,0
"461","2020-03-10","Florida",12,23,2
"462","2020-03-10","Georgia",13,22,0
"463","2020-03-10","Hawaii",15,2,0
"464","2020-03-10","Illinois",17,19,0
"465","2020-03-10","Indiana",18,6,0
"466","2020-03-10","Iowa",19,13,0
"467","2020-03-10","Kansas",20,1,0
"468","2020-03-10","Kentucky",21,7,0
"469","2020-03-10","Louisiana",22,6,0
"470","2020-03-10","Maryland",24,9,0
"471","2020-03-10","Massachusetts",25,92,0
"472","2020-03-10","Michigan",26,2,0
"473","2020-03-10","Minnesota",27,3,0
"474","2020-03-10","Missouri",29,1,0
"475","2020-03-10","Nebraska",31,17,0
"476","2020-03-10","Nevada",32,4,0
"477","2020-03-10","New Hampshire",33,5,0
"478","2020-03-10","New Jersey",34,15,1
"479","2020-03-10","New York",36,173,0
"480","2020-03-10","North Carolina",37,7,0
"481","2020-03-10","Ohio",39,3,0
"482","2020-03-10","Oklahoma",40,2,0
"483","2020-03-10","Oregon",41,14,0
"484","2020-03-10","Pennsylvania",42,12,0
"485","2020-03-10","Rhode Island",44,5,0
"486","2020-03-10","South Carolina",45,9,0
"487","2020-03-10","South Dakota",46,5,1
"488","2020-03-10","Tennessee",47,7,0
"489","2020-03-10","Texas",48,31,0
"490","2020-03-10","Utah",49,4,0
"491","2020-03-10","Vermont",50,1,0
"492","2020-03-10","Virginia",51,8,0
"493","2020-03-10","Washington",53,279,24
"494","2020-03-10","Wisconsin",55,3,0
"495","2020-03-11","Arizona",4,9,0
"496","2020-03-11","Arkansas",5,1,0
"497","2020-03-11","California",6,202,4
"498","2020-03-11","Colorado",8,34,0
"499","2020-03-11","Connecticut",9,3,0
"500","2020-03-11","Delaware",10,1,0
"501","2020-03-11","District of Columbia",11,10,0
"502","2020-03-11","Florida",12,26,2
"503","2020-03-11","Georgia",13,31,0
"504","2020-03-11","Hawaii",15,2,0
"505","2020-03-11","Illinois",17,25,0
"506","2020-03-11","Indiana",18,11,0
"507","2020-03-11","Iowa",19,14,0
"508","2020-03-11","Kansas",20,1,0
"509","2020-03-11","Kentucky",21,7,0
"510","2020-03-11","Louisiana",22,13,0
"511","2020-03-11","Maryland",24,13,0
"512","2020-03-11","Massachusetts",25,95,0
"513","2020-03-11","Michigan",26,2,0
"514","2020-03-11","Minnesota",27,5,0
"515","2020-03-11","Mississippi",28,1,0
"516","2020-03-11","Missouri",29,1,0
"517","2020-03-11","Nebraska",31,23,0
"518","2020-03-11","Nevada",32,7,0
"519","2020-03-11","New Hampshire",33,5,0
"520","2020-03-11","New Jersey",34,23,1
"521","2020-03-11","New Mexico",35,4,0
"522","2020-03-11","New York",36,217,0
"523","2020-03-11","North Carolina",37,8,0
"524","2020-03-11","North Dakota",38,1,0
"525","2020-03-11","Ohio",39,4,0
"526","2020-03-11","Oklahoma",40,2,0
"527","2020-03-11","Oregon",41,20,0
"528","2020-03-11","Pennsylvania",42,16,0
"529","2020-03-11","Rhode Island",44,5,0
"530","2020-03-11","South Carolina",45,10,0
"531","2020-03-11","South Dakota",46,8,1
"532","2020-03-11","Tennessee",47,8,0
"533","2020-03-11","Texas",48,33,0
"534","2020-03-11","Utah",49,5,0
"535","2020-03-11","Vermont",50,2,0
"536","2020-03-11","Virginia",51,10,0
"537","2020-03-11","Washington",53,338,29
"538","2020-03-11","Wisconsin",55,6,0
"539","2020-03-11","Wyoming",56,1,0
"540","2020-03-12","Alaska",2,1,0
"541","2020-03-12","Arizona",4,9,0
"542","2020-03-12","Arkansas",5,6,0
"543","2020-03-12","California",6,252,4
"544","2020-03-12","Colorado",8,49,1
"545","2020-03-12","Connecticut",9,6,0
"546","2020-03-12","Delaware",10,4,0
"547","2020-03-12","District of Columbia",11,10,0
"548","2020-03-12","Florida",12,46,2
"549","2020-03-12","Georgia",13,31,1
"550","2020-03-12","Hawaii",15,2,0
"551","2020-03-12","Illinois",17,32,0
"552","2020-03-12","Indiana",18,12,0
"553","2020-03-12","Iowa",19,16,0
"554","2020-03-12","Kansas",20,5,1
"555","2020-03-12","Kentucky",21,11,0
"556","2020-03-12","Louisiana",22,14,0
"557","2020-03-12","Maine",23,1,0
"558","2020-03-12","Maryland",24,13,0
"559","2020-03-12","Massachusetts",25,108,0
"560","2020-03-12","Michigan",26,12,0
"561","2020-03-12","Minnesota",27,9,0
"562","2020-03-12","Mississippi",28,1,0
"563","2020-03-12","Missouri",29,2,0
"564","2020-03-12","Nebraska",31,24,0
"565","2020-03-12","Nevada",32,11,0
"566","2020-03-12","New Hampshire",33,6,0
"567","2020-03-12","New Jersey",34,29,1
"568","2020-03-12","New Mexico",35,6,0
"569","2020-03-12","New York",36,326,0
"570","2020-03-12","North Carolina",37,16,0
"571","2020-03-12","North Dakota",38,1,0
"572","2020-03-12","Ohio",39,5,0
"573","2020-03-12","Oklahoma",40,2,0
"574","2020-03-12","Oregon",41,30,0
"575","2020-03-12","Pennsylvania",42,22,0
"576","2020-03-12","Rhode Island",44,5,0
"577","2020-03-12","South Carolina",45,12,0
"578","2020-03-12","South Dakota",46,8,1
"579","2020-03-12","Tennessee",47,18,0
"580","2020-03-12","Texas",48,41,0
"581","2020-03-12","Utah",49,7,0
"582","2020-03-12","Vermont",50,2,0
"583","2020-03-12","Virginia",51,17,0
"584","2020-03-12","Washington",53,419,32
"585","2020-03-12","Wisconsin",55,8,0
"586","2020-03-12","Wyoming",56,1,0
"587","2020-03-13","Alabama",1,6,0
"588","2020-03-13","Alaska",2,1,0
"589","2020-03-13","Arizona",4,9,0
"590","2020-03-13","Arkansas",5,7,0
"591","2020-03-13","California",6,320,5
"592","2020-03-13","Colorado",8,78,2
"593","2020-03-13","Connecticut",9,11,0
"594","2020-03-13","Delaware",10,4,0
"595","2020-03-13","District of Columbia",11,10,0
"596","2020-03-13","Florida",12,70,2
"597","2020-03-13","Georgia",13,41,1
"598","2020-03-13","Hawaii",15,2,0
"599","2020-03-13","Idaho",16,1,0
"600","2020-03-13","Illinois",17,46,0
"601","2020-03-13","Indiana",18,12,0
"602","2020-03-13","Iowa",19,17,0
"603","2020-03-13","Kansas",20,6,1
"604","2020-03-13","Kentucky",21,11,0
"605","2020-03-13","Louisiana",22,36,0
"606","2020-03-13","Maine",23,2,0
"607","2020-03-13","Maryland",24,18,0
"608","2020-03-13","Massachusetts",25,123,0
"609","2020-03-13","Michigan",26,25,0
"610","2020-03-13","Minnesota",27,14,0
"611","2020-03-13","Mississippi",28,6,0
"612","2020-03-13","Missouri",29,4,0
"613","2020-03-13","Montana",30,4,0
"614","2020-03-13","Nebraska",31,27,0
"615","2020-03-13","Nevada",32,19,0
"616","2020-03-13","New Hampshire",33,7,0
"617","2020-03-13","New Jersey",34,50,1
"618","2020-03-13","New Mexico",35,10,0
"619","2020-03-13","New York",36,421,0
"620","2020-03-13","North Carolina",37,18,0
"621","2020-03-13","North Dakota",38,1,0
"622","2020-03-13","Ohio",39,13,0
"623","2020-03-13","Oklahoma",40,3,0
"624","2020-03-13","Oregon",41,30,0
"625","2020-03-13","Pennsylvania",42,41,0
"626","2020-03-13","Puerto Rico",72,3,0
"627","2020-03-13","Rhode Island",44,20,0
"628","2020-03-13","South Carolina",45,13,0
"629","2020-03-13","South Dakota",46,9,1
"630","2020-03-13","Tennessee",47,26,0
"631","2020-03-13","Texas",48,58,0
"632","2020-03-13","Utah",49,7,0
"633","2020-03-13","Vermont",50,2,0
"634","2020-03-13","Virginia",51,30,0
"635","2020-03-13","Washington",53,511,37
"636","2020-03-13","Wisconsin",55,19,0
"637","2020-03-13","Wyoming",56,2,0
"638","2020-03-14","Alabama",1,12,0
"639","2020-03-14","Alaska",2,1,0
"640","2020-03-14","Arizona",4,12,0
"641","2020-03-14","Arkansas",5,9,0
"642","2020-03-14","California",6,381,5
"643","2020-03-14","Colorado",8,103,2
"644","2020-03-14","Connecticut",9,20,0
"645","2020-03-14","Delaware",10,4,0
"646","2020-03-14","District of Columbia",11,16,0
"647","2020-03-14","Florida",12,70,3
"648","2020-03-14","Georgia",13,65,1
"649","2020-03-14","Hawaii",15,4,0
"650","2020-03-14","Idaho",16,5,0
"651","2020-03-14","Illinois",17,66,0
"652","2020-03-14","Indiana",18,15,0
"653","2020-03-14","Iowa",19,18,0
"654","2020-03-14","Kansas",20,8,1
"655","2020-03-14","Kentucky",21,18,0
"656","2020-03-14","Louisiana",22,77,1
"657","2020-03-14","Maine",23,3,0
"658","2020-03-14","Maryland",24,27,0
"659","2020-03-14","Massachusetts",25,138,0
"660","2020-03-14","Michigan",26,33,0
"661","2020-03-14","Minnesota",27,21,0
"662","2020-03-14","Mississippi",28,6,0
"663","2020-03-14","Missouri",29,5,0
"664","2020-03-14","Montana",30,6,0
"665","2020-03-14","Nebraska",31,29,0
"666","2020-03-14","Nevada",32,21,0
"667","2020-03-14","New Hampshire",33,7,0
"668","2020-03-14","New Jersey",34,75,2
"669","2020-03-14","New Mexico",35,13,0
"670","2020-03-14","New York",36,610,2
"671","2020-03-14","North Carolina",37,25,0
"672","2020-03-14","North Dakota",38,1,0
"673","2020-03-14","Ohio",39,26,0
"674","2020-03-14","Oklahoma",40,4,0
"675","2020-03-14","Oregon",41,36,1
"676","2020-03-14","Pennsylvania",42,47,0
"677","2020-03-14","Puerto Rico",72,4,0
"678","2020-03-14","Rhode Island",44,20,0
"679","2020-03-14","South Carolina",45,19,0
"680","2020-03-14","South Dakota",46,9,1
"681","2020-03-14","Tennessee",47,32,0
"682","2020-03-14","Texas",48,69,0
"683","2020-03-14","Utah",49,21,0
"684","2020-03-14","Vermont",50,5,0
"685","2020-03-14","Virgin Islands",78,1,0
"686","2020-03-14","Virginia",51,42,1
"687","2020-03-14","Washington",53,609,40
"688","2020-03-14","Wisconsin",55,27,0
"689","2020-03-14","Wyoming",56,3,0
"690","2020-03-15","Alabama",1,23,0
"691","2020-03-15","Alaska",2,1,0
"692","2020-03-15","Arizona",4,13,0
"693","2020-03-15","Arkansas",5,16,0
"694","2020-03-15","California",6,478,6
"695","2020-03-15","Colorado",8,136,2
"696","2020-03-15","Connecticut",9,26,0
"697","2020-03-15","Delaware",10,7,0
"698","2020-03-15","District of Columbia",11,17,0
"699","2020-03-15","Florida",12,109,3
"700","2020-03-15","Georgia",13,97,1
"701","2020-03-15","Guam",66,3,0
"702","2020-03-15","Hawaii",15,7,0
"703","2020-03-15","Idaho",16,5,0
"704","2020-03-15","Illinois",17,94,0
"705","2020-03-15","Indiana",18,19,0
"706","2020-03-15","Iowa",19,22,0
"707","2020-03-15","Kansas",20,9,1
"708","2020-03-15","Kentucky",21,21,0
"709","2020-03-15","Louisiana",22,103,2
"710","2020-03-15","Maine",23,12,0
"711","2020-03-15","Maryland",24,32,0
"712","2020-03-15","Massachusetts",25,164,0
"713","2020-03-15","Michigan",26,53,0
"714","2020-03-15","Minnesota",27,35,0
"715","2020-03-15","Mississippi",28,10,0
"716","2020-03-15","Missouri",29,5,0
"717","2020-03-15","Montana",30,6,0
"718","2020-03-15","Nebraska",31,31,0
"719","2020-03-15","Nevada",32,26,0
"720","2020-03-15","New Hampshire",33,13,0
"721","2020-03-15","New Jersey",34,98,2
"722","2020-03-15","New Mexico",35,17,0
"723","2020-03-15","New York",36,732,6
"724","2020-03-15","North Carolina",37,32,0
"725","2020-03-15","North Dakota",38,1,0
"726","2020-03-15","Ohio",39,37,0
"727","2020-03-15","Oklahoma",40,8,0
"728","2020-03-15","Oregon",41,39,1
"729","2020-03-15","Pennsylvania",42,68,0
"730","2020-03-15","Puerto Rico",72,5,0
"731","2020-03-15","Rhode Island",44,20,0
"732","2020-03-15","South Carolina",45,28,0
"733","2020-03-15","South Dakota",46,9,1
"734","2020-03-15","Tennessee",47,39,0
"735","2020-03-15","Texas",48,80,0
"736","2020-03-15","Utah",49,29,0
"737","2020-03-15","Vermont",50,8,0
"738","2020-03-15","Virgin Islands",78,1,0
"739","2020-03-15","Virginia",51,45,1
"740","2020-03-15","Washington",53,675,42
"741","2020-03-15","Wisconsin",55,33,0
"742","2020-03-15","Wyoming",56,3,0
"743","2020-03-16","Alabama",1,29,0
"744","2020-03-16","Alaska",2,3,0
"745","2020-03-16","Arizona",4,18,0
"746","2020-03-16","Arkansas",5,22,0
"747","2020-03-16","California",6,588,11
"748","2020-03-16","Colorado",8,161,2
"749","2020-03-16","Connecticut",9,41,0
"750","2020-03-16","Delaware",10,8,0
"751","2020-03-16","District of Columbia",11,22,0
"752","2020-03-16","Florida",12,141,4
"753","2020-03-16","Georgia",13,118,1
"754","2020-03-16","Guam",66,3,0
"755","2020-03-16","Hawaii",15,10,0
"756","2020-03-16","Idaho",16,5,0
"757","2020-03-16","Illinois",17,104,0
"758","2020-03-16","Indiana",18,24,1
"759","2020-03-16","Iowa",19,22,0
"760","2020-03-16","Kansas",20,11,1
"761","2020-03-16","Kentucky",21,22,1
"762","2020-03-16","Louisiana",22,137,3
"763","2020-03-16","Maine",23,17,0
"764","2020-03-16","Maryland",24,39,0
"765","2020-03-16","Massachusetts",25,197,0
"766","2020-03-16","Michigan",26,54,0
"767","2020-03-16","Minnesota",27,54,0
"768","2020-03-16","Mississippi",28,12,0
"769","2020-03-16","Missouri",29,9,0
"770","2020-03-16","Montana",30,8,0
"771","2020-03-16","Nebraska",31,33,0
"772","2020-03-16","Nevada",32,45,1
"773","2020-03-16","New Hampshire",33,17,0
"774","2020-03-16","New Jersey",34,176,3
"775","2020-03-16","New Mexico",35,21,0
"776","2020-03-16","New York",36,950,10
"777","2020-03-16","North Carolina",37,34,0
"778","2020-03-16","North Dakota",38,1,0
"779","2020-03-16","Ohio",39,50,0
"780","2020-03-16","Oklahoma",40,10,0
"781","2020-03-16","Oregon",41,46,1
"782","2020-03-16","Pennsylvania",42,81,0
"783","2020-03-16","Puerto Rico",72,5,0
"784","2020-03-16","Rhode Island",44,21,0
"785","2020-03-16","South Carolina",45,33,1
"786","2020-03-16","South Dakota",46,10,1
"787","2020-03-16","Tennessee",47,52,0
"788","2020-03-16","Texas",48,87,1
"789","2020-03-16","Utah",49,40,0
"790","2020-03-16","Vermont",50,12,0
"791","2020-03-16","Virgin Islands",78,2,0
"792","2020-03-16","Virginia",51,51,1
"793","2020-03-16","Washington",53,794,48
"794","2020-03-16","Wisconsin",55,47,0
"795","2020-03-16","Wyoming",56,10,0
"796","2020-03-17","Alabama",1,39,0
"797","2020-03-17","Alaska",2,6,0
"798","2020-03-17","Arizona",4,20,0
"799","2020-03-17","Arkansas",5,22,0
"800","2020-03-17","California",6,732,14
"801","2020-03-17","Colorado",8,183,3
"802","2020-03-17","Connecticut",9,68,0
"803","2020-03-17","Delaware",10,16,0
"804","2020-03-17","District of Columbia",11,31,0
"805","2020-03-17","Florida",12,210,6
"806","2020-03-17","Georgia",13,142,1
"807","2020-03-17","Guam",66,3,0
"808","2020-03-17","Hawaii",15,14,0
"809","2020-03-17","Idaho",16,9,0
"810","2020-03-17","Illinois",17,159,1
"811","2020-03-17","Indiana",18,30,2
"812","2020-03-17","Iowa",19,29,0
"813","2020-03-17","Kansas",20,17,1
"814","2020-03-17","Kentucky",21,26,1
"815","2020-03-17","Louisiana",22,196,5
"816","2020-03-17","Maine",23,32,0
"817","2020-03-17","Maryland",24,57,0
"818","2020-03-17","Massachusetts",25,218,0
"819","2020-03-17","Michigan",26,65,0
"820","2020-03-17","Minnesota",27,60,0
"821","2020-03-17","Mississippi",28,21,0
"822","2020-03-17","Missouri",29,16,0
"823","2020-03-17","Montana",30,8,0
"824","2020-03-17","Nebraska",31,36,0
"825","2020-03-17","Nevada",32,55,1
"826","2020-03-17","New Hampshire",33,26,0
"827","2020-03-17","New Jersey",34,268,3
"828","2020-03-17","New Mexico",35,23,0
"829","2020-03-17","New York",36,1374,17
"830","2020-03-17","North Carolina",37,42,0
"831","2020-03-17","North Dakota",38,5,0
"832","2020-03-17","Ohio",39,67,0
"833","2020-03-17","Oklahoma",40,18,0
"834","2020-03-17","Oregon",41,66,2
"835","2020-03-17","Pennsylvania",42,101,0
"836","2020-03-17","Puerto Rico",72,5,0
"837","2020-03-17","Rhode Island",44,23,0
"838","2020-03-17","South Carolina",45,47,1
"839","2020-03-17","South Dakota",46,11,1
"840","2020-03-17","Tennessee",47,73,0
"841","2020-03-17","Texas",48,106,1
"842","2020-03-17","Utah",49,51,0
"843","2020-03-17","Vermont",50,14,0
"844","2020-03-17","Virgin Islands",78,2,0
"845","2020-03-17","Virginia",51,67,2
"846","2020-03-17","Washington",53,908,54
"847","2020-03-17","West Virginia",54,1,0
"848","2020-03-17","Wisconsin",55,72,0
"849","2020-03-17","Wyoming",56,15,0
"850","2020-03-18","Alabama",1,51,0
"851","2020-03-18","Alaska",2,9,0
"852","2020-03-18","Arizona",4,28,0
"853","2020-03-18","Arkansas",5,33,0
"854","2020-03-18","California",6,893,17
"855","2020-03-18","Colorado",8,216,3
"856","2020-03-18","Connecticut",9,96,1
"857","2020-03-18","Delaware",10,26,0
"858","2020-03-18","District of Columbia",11,36,0
"859","2020-03-18","Florida",12,326,7
"860","2020-03-18","Georgia",13,193,3
"861","2020-03-18","Guam",66,8,0
"862","2020-03-18","Hawaii",15,16,0
"863","2020-03-18","Idaho",16,11,0
"864","2020-03-18","Illinois",17,286,1
"865","2020-03-18","Indiana",18,39,2
"866","2020-03-18","Iowa",19,38,0
"867","2020-03-18","Kansas",20,22,1
"868","2020-03-18","Kentucky",21,35,1
"869","2020-03-18","Louisiana",22,280,7
"870","2020-03-18","Maine",23,43,0
"871","2020-03-18","Maryland",24,85,1
"872","2020-03-18","Massachusetts",25,256,0
"873","2020-03-18","Michigan",26,80,1
"874","2020-03-18","Minnesota",27,77,0
"875","2020-03-18","Mississippi",28,34,0
"876","2020-03-18","Missouri",29,21,1
"877","2020-03-18","Montana",30,12,0
"878","2020-03-18","Nebraska",31,43,0
"879","2020-03-18","Nevada",32,82,1
"880","2020-03-18","New Hampshire",33,39,0
"881","2020-03-18","New Jersey",34,427,5
"882","2020-03-18","New Mexico",35,28,0
"883","2020-03-18","New York",36,2382,27
"884","2020-03-18","North Carolina",37,66,0
"885","2020-03-18","North Dakota",38,7,0
"886","2020-03-18","Ohio",39,90,0
"887","2020-03-18","Oklahoma",40,29,0
"888","2020-03-18","Oregon",41,74,3
"889","2020-03-18","Pennsylvania",42,139,1
"890","2020-03-18","Puerto Rico",72,5,0
"891","2020-03-18","Rhode Island",44,33,0
"892","2020-03-18","South Carolina",45,60,1
"893","2020-03-18","South Dakota",46,11,1
"894","2020-03-18","Tennessee",47,98,0
"895","2020-03-18","Texas",48,166,2
"896","2020-03-18","Utah",49,65,0
"897","2020-03-18","Vermont",50,19,0
"898","2020-03-18","Virgin Islands",78,3,0
"899","2020-03-18","Virginia",51,78,2
"900","2020-03-18","Washington",53,1026,68
"901","2020-03-18","West Virginia",54,2,0
"902","2020-03-18","Wisconsin",55,106,0
"903","2020-03-18","Wyoming",56,17,0
"904","2020-03-19","Alabama",1,78,0
"905","2020-03-19","Alaska",2,12,0
"906","2020-03-19","Arizona",4,47,0
"907","2020-03-19","Arkansas",5,62,0
"908","2020-03-19","California",6,1067,19
"909","2020-03-19","Colorado",8,278,5
"910","2020-03-19","Connecticut",9,159,4
"911","2020-03-19","Delaware",10,30,0
"912","2020-03-19","District of Columbia",11,68,0
"913","2020-03-19","Florida",12,434,8
"914","2020-03-19","Georgia",13,282,10
"915","2020-03-19","Guam",66,12,0
"916","2020-03-19","Hawaii",15,26,0
"917","2020-03-19","Idaho",16,23,0
"918","2020-03-19","Illinois",17,420,4
"919","2020-03-19","Indiana",18,56,2
"920","2020-03-19","Iowa",19,44,0
"921","2020-03-19","Kansas",20,35,1
"922","2020-03-19","Kentucky",21,47,2
"923","2020-03-19","Louisiana",22,392,10
"924","2020-03-19","Maine",23,52,0
"925","2020-03-19","Maryland",24,108,1
"926","2020-03-19","Massachusetts",25,328,0
"927","2020-03-19","Michigan",26,334,3
"928","2020-03-19","Minnesota",27,89,0
"929","2020-03-19","Mississippi",28,50,1
"930","2020-03-19","Missouri",29,35,1
"931","2020-03-19","Montana",30,19,0
"932","2020-03-19","Nebraska",31,47,0
"933","2020-03-19","Nevada",32,99,1
"934","2020-03-19","New Hampshire",33,44,0
"935","2020-03-19","New Jersey",34,735,9
"936","2020-03-19","New Mexico",35,35,0
"937","2020-03-19","New York",36,4152,30
"938","2020-03-19","North Carolina",37,104,0
"939","2020-03-19","North Dakota",38,19,0
"940","2020-03-19","Ohio",39,120,0
"941","2020-03-19","Oklahoma",40,44,1
"942","2020-03-19","Oregon",41,87,3
"943","2020-03-19","Pennsylvania",42,187,1
"944","2020-03-19","Puerto Rico",72,6,0
"945","2020-03-19","Rhode Island",44,44,0
"946","2020-03-19","South Carolina",45,81,1
"947","2020-03-19","South Dakota",46,14,1
"948","2020-03-19","Tennessee",47,155,0
"949","2020-03-19","Texas",48,248,4
"950","2020-03-19","Utah",49,80,0
"951","2020-03-19","Vermont",50,22,2
"952","2020-03-19","Virgin Islands",78,3,0
"953","2020-03-19","Virginia",51,94,2
"954","2020-03-19","Washington",53,1228,75
"955","2020-03-19","West Virginia",54,5,0
"956","2020-03-19","Wisconsin",55,155,2
"957","2020-03-19","Wyoming",56,18,0
"958","2020-03-20","Alabama",1,106,0
"959","2020-03-20","Alaska",2,14,0
"960","2020-03-20","Arizona",4,70,1
"961","2020-03-20","Arkansas",5,100,0
"962","2020-03-20","California",6,1283,24
"963","2020-03-20","Colorado",8,364,5
"964","2020-03-20","Connecticut",9,194,4
"965","2020-03-20","Delaware",10,39,0
"966","2020-03-20","District of Columbia",11,77,1
"967","2020-03-20","Florida",12,564,9
"968","2020-03-20","Georgia",13,482,14
"969","2020-03-20","Guam",66,14,0
"970","2020-03-20","Hawaii",15,37,0
"971","2020-03-20","Idaho",16,31,0
"972","2020-03-20","Illinois",17,583,5
"973","2020-03-20","Indiana",18,79,3
"974","2020-03-20","Iowa",19,45,0
"975","2020-03-20","Kansas",20,49,1
"976","2020-03-20","Kentucky",21,63,2
"977","2020-03-20","Louisiana",22,537,10
"978","2020-03-20","Maine",23,57,0
"979","2020-03-20","Maryland",24,150,2
"980","2020-03-20","Massachusetts",25,413,1
"981","2020-03-20","Michigan",26,548,4
"982","2020-03-20","Minnesota",27,115,0
"983","2020-03-20","Mississippi",28,80,1
"984","2020-03-20","Missouri",29,73,3
"985","2020-03-20","Montana",30,19,0
"986","2020-03-20","Nebraska",31,53,0
"987","2020-03-20","Nevada",32,165,2
"988","2020-03-20","New Hampshire",33,55,0
"989","2020-03-20","New Jersey",34,896,11
"990","2020-03-20","New Mexico",35,43,0
"991","2020-03-20","New York",36,7102,57
"992","2020-03-20","North Carolina",37,144,0
"993","2020-03-20","North Dakota",38,27,0
"994","2020-03-20","Ohio",39,169,1
"995","2020-03-20","Oklahoma",40,49,1
"996","2020-03-20","Oregon",41,114,3
"997","2020-03-20","Pennsylvania",42,269,1
"998","2020-03-20","Puerto Rico",72,14,0
"999","2020-03-20","Rhode Island",44,44,0
"1000","2020-03-20","South Carolina",45,126,3
"1001","2020-03-20","South Dakota",46,14,1
"1002","2020-03-20","Tennessee",47,237,0
"1003","2020-03-20","Texas",48,377,5
"1004","2020-03-20","Utah",49,112,0
"1005","2020-03-20","Vermont",50,29,2
"1006","2020-03-20","Virgin Islands",78,6,0
"1007","2020-03-20","Virginia",51,115,2
"1008","2020-03-20","Washington",53,1404,83
"1009","2020-03-20","West Virginia",54,8,0
"1010","2020-03-20","Wisconsin",55,216,3
"1011","2020-03-20","Wyoming",56,22,0
"1012","2020-03-21","Alabama",1,131,0
"1013","2020-03-21","Alaska",2,21,0
"1014","2020-03-21","Arizona",4,104,1
"1015","2020-03-21","Arkansas",5,118,0
"1016","2020-03-21","California",6,1544,28
"1017","2020-03-21","Colorado",8,475,6
"1018","2020-03-21","Connecticut",9,223,5
"1019","2020-03-21","Delaware",10,45,0
"1020","2020-03-21","District of Columbia",11,98,1
"1021","2020-03-21","Florida",12,764,11
"1022","2020-03-21","Georgia",13,552,20
"1023","2020-03-21","Guam",66,15,0
"1024","2020-03-21","Hawaii",15,48,0
"1025","2020-03-21","Idaho",16,42,0
"1026","2020-03-21","Illinois",17,751,6
"1027","2020-03-21","Indiana",18,126,4
"1028","2020-03-21","Iowa",19,68,0
"1029","2020-03-21","Kansas",20,57,2
"1030","2020-03-21","Kentucky",21,84,3
"1031","2020-03-21","Louisiana",22,763,16
"1032","2020-03-21","Maine",23,70,0
"1033","2020-03-21","Maryland",24,195,3
"1034","2020-03-21","Massachusetts",25,525,2
"1035","2020-03-21","Michigan",26,787,6
"1036","2020-03-21","Minnesota",27,138,1
"1037","2020-03-21","Mississippi",28,140,1
"1038","2020-03-21","Missouri",29,93,3
"1039","2020-03-21","Montana",30,29,0
"1040","2020-03-21","Nebraska",31,61,0
"1041","2020-03-21","Nevada",32,165,2
"1042","2020-03-21","New Hampshire",33,65,0
"1043","2020-03-21","New Jersey",34,1336,16
"1044","2020-03-21","New Mexico",35,57,0
"1045","2020-03-21","New York",36,10356,80
"1046","2020-03-21","North Carolina",37,184,0
"1047","2020-03-21","North Dakota",38,28,0
"1048","2020-03-21","Ohio",39,247,3
"1049","2020-03-21","Oklahoma",40,53,1
"1050","2020-03-21","Oregon",41,137,4
"1051","2020-03-21","Pennsylvania",42,388,2
"1052","2020-03-21","Puerto Rico",72,21,1
"1053","2020-03-21","Rhode Island",44,66,0
"1054","2020-03-21","South Carolina",45,172,3
"1055","2020-03-21","South Dakota",46,14,1
"1056","2020-03-21","Tennessee",47,312,2
"1057","2020-03-21","Texas",48,547,5
"1058","2020-03-21","Utah",49,138,0
"1059","2020-03-21","Vermont",50,49,2
"1060","2020-03-21","Virgin Islands",78,6,0
"1061","2020-03-21","Virginia",51,152,3
"1062","2020-03-21","Washington",53,1655,95
"1063","2020-03-21","West Virginia",54,12,0
"1064","2020-03-21","Wisconsin",55,281,4
"1065","2020-03-21","Wyoming",56,24,0
"1066","2020-03-22","Alabama",1,157,0
"1067","2020-03-22","Alaska",2,22,0
"1068","2020-03-22","Arizona",4,153,2
"1069","2020-03-22","Arkansas",5,165,0
"1070","2020-03-22","California",6,1851,35
"1071","2020-03-22","Colorado",8,591,7
"1072","2020-03-22","Connecticut",9,327,8
"1073","2020-03-22","Delaware",10,56,0
"1074","2020-03-22","District of Columbia",11,116,2
"1075","2020-03-22","Florida",12,1000,13
"1076","2020-03-22","Georgia",13,620,25
"1077","2020-03-22","Guam",66,27,1
"1078","2020-03-22","Hawaii",15,56,0
"1079","2020-03-22","Idaho",16,47,0
"1080","2020-03-22","Illinois",17,1047,9
"1081","2020-03-22","Indiana",18,201,6
"1082","2020-03-22","Iowa",19,90,0
"1083","2020-03-22","Kansas",20,66,2
"1084","2020-03-22","Kentucky",21,103,3
"1085","2020-03-22","Louisiana",22,837,20
"1086","2020-03-22","Maine",23,89,0
"1087","2020-03-22","Maryland",24,245,3
"1088","2020-03-22","Massachusetts",25,646,5
"1089","2020-03-22","Michigan",26,1033,9
"1090","2020-03-22","Minnesota",27,171,1
"1091","2020-03-22","Mississippi",28,207,1
"1092","2020-03-22","Missouri",29,130,3
"1093","2020-03-22","Montana",30,34,0
"1094","2020-03-22","Nebraska",31,62,0
"1095","2020-03-22","Nevada",32,190,2
"1096","2020-03-22","New Hampshire",33,78,0
"1097","2020-03-22","New Jersey",34,1914,20
"1098","2020-03-22","New Mexico",35,65,0
"1099","2020-03-22","New York",36,15168,122
"1100","2020-03-22","North Carolina",37,269,0
"1101","2020-03-22","North Dakota",38,30,0
"1102","2020-03-22","Ohio",39,351,3
"1103","2020-03-22","Oklahoma",40,67,2
"1104","2020-03-22","Oregon",41,161,5
"1105","2020-03-22","Pennsylvania",42,504,3
"1106","2020-03-22","Puerto Rico",72,23,1
"1107","2020-03-22","Rhode Island",44,83,0
"1108","2020-03-22","South Carolina",45,194,3
"1109","2020-03-22","South Dakota",46,21,1
"1110","2020-03-22","Tennessee",47,424,2
"1111","2020-03-22","Texas",48,632,7
"1112","2020-03-22","Utah",49,182,1
"1113","2020-03-22","Vermont",50,52,2
"1114","2020-03-22","Virgin Islands",78,17,0
"1115","2020-03-22","Virginia",51,219,6
"1116","2020-03-22","Washington",53,1844,97
"1117","2020-03-22","West Virginia",54,16,0
"1118","2020-03-22","Wisconsin",55,382,4
"1119","2020-03-22","Wyoming",56,26,0
"1120","2020-03-23","Alabama",1,196,0
"1121","2020-03-23","Alaska",2,36,0
"1122","2020-03-23","Arizona",4,234,2
"1123","2020-03-23","Arkansas",5,201,0
"1124","2020-03-23","California",6,2240,39
"1125","2020-03-23","Colorado",8,721,10
"1126","2020-03-23","Connecticut",9,415,10
"1127","2020-03-23","Delaware",10,87,0
"1128","2020-03-23","District of Columbia",11,138,2
"1129","2020-03-23","Florida",12,1222,18
"1130","2020-03-23","Georgia",13,800,25
"1131","2020-03-23","Guam",66,29,1
"1132","2020-03-23","Hawaii",15,77,0
"1133","2020-03-23","Idaho",16,50,0
"1134","2020-03-23","Illinois",17,1285,12
"1135","2020-03-23","Indiana",18,259,7
"1136","2020-03-23","Iowa",19,105,0
"1137","2020-03-23","Kansas",20,82,2
"1138","2020-03-23","Kentucky",21,124,3
"1139","2020-03-23","Louisiana",22,1172,34
"1140","2020-03-23","Maine",23,107,0
"1141","2020-03-23","Maryland",24,290,3
"1142","2020-03-23","Massachusetts",25,777,5
"1143","2020-03-23","Michigan",26,1324,16
"1144","2020-03-23","Minnesota",27,235,1
"1145","2020-03-23","Mississippi",28,249,1
"1146","2020-03-23","Missouri",29,183,4
"1147","2020-03-23","Montana",30,45,0
"1148","2020-03-23","Nebraska",31,73,0
"1149","2020-03-23","Nevada",32,265,4
"1150","2020-03-23","New Hampshire",33,101,1
"1151","2020-03-23","New Jersey",34,2844,27
"1152","2020-03-23","New Mexico",35,83,0
"1153","2020-03-23","New York",36,20875,159
"1154","2020-03-23","North Carolina",37,303,0
"1155","2020-03-23","North Dakota",38,32,0
"1156","2020-03-23","Ohio",39,444,6
"1157","2020-03-23","Oklahoma",40,81,2
"1158","2020-03-23","Oregon",41,191,5
"1159","2020-03-23","Pennsylvania",42,644,6
"1160","2020-03-23","Puerto Rico",72,31,2
"1161","2020-03-23","Rhode Island",44,106,0
"1162","2020-03-23","South Carolina",45,299,5
"1163","2020-03-23","South Dakota",46,28,1
"1164","2020-03-23","Tennessee",47,522,2
"1165","2020-03-23","Texas",48,728,7
"1166","2020-03-23","Utah",49,257,1
"1167","2020-03-23","Vermont",50,75,2
"1168","2020-03-23","Virgin Islands",78,17,0
"1169","2020-03-23","Virginia",51,254,6
"1170","2020-03-23","Washington",53,2101,110
"1171","2020-03-23","West Virginia",54,16,0
"1172","2020-03-23","Wisconsin",55,418,5
"1173","2020-03-23","Wyoming",56,28,0
"1174","2020-03-24","Alabama",1,242,0
"1175","2020-03-24","Alaska",2,42,0
"1176","2020-03-24","Arizona",4,326,6
"1177","2020-03-24","Arkansas",5,232,2
"1178","2020-03-24","California",6,2644,52
"1179","2020-03-24","Colorado",8,912,11
"1180","2020-03-24","Connecticut",9,618,12
"1181","2020-03-24","Delaware",10,104,0
"1182","2020-03-24","District of Columbia",11,183,2
"1183","2020-03-24","Florida",12,1467,19
"1184","2020-03-24","Georgia",13,1097,38
"1185","2020-03-24","Guam",66,32,1
"1186","2020-03-24","Hawaii",15,90,0
"1187","2020-03-24","Idaho",16,73,0
"1188","2020-03-24","Illinois",17,1535,16
"1189","2020-03-24","Indiana",18,366,12
"1190","2020-03-24","Iowa",19,124,1
"1191","2020-03-24","Kansas",20,99,3
"1192","2020-03-24","Kentucky",21,157,3
"1193","2020-03-24","Louisiana",22,1388,46
"1194","2020-03-24","Maine",23,118,0
"1195","2020-03-24","Maryland",24,349,4
"1196","2020-03-24","Massachusetts",25,1159,11
"1197","2020-03-24","Michigan",26,1791,24
"1198","2020-03-24","Minnesota",27,262,1
"1199","2020-03-24","Mississippi",28,320,1
"1200","2020-03-24","Missouri",29,255,5
"1201","2020-03-24","Montana",30,51,0
"1202","2020-03-24","Nebraska",31,77,0
"1203","2020-03-24","Nevada",32,315,6
"1204","2020-03-24","New Hampshire",33,108,1
"1205","2020-03-24","New Jersey",34,3675,44
"1206","2020-03-24","New Mexico",35,100,0
"1207","2020-03-24","New York",36,25665,218
"1208","2020-03-24","North Carolina",37,399,0
"1209","2020-03-24","North Dakota",38,36,0
"1210","2020-03-24","Ohio",39,564,8
"1211","2020-03-24","Oklahoma",40,106,3
"1212","2020-03-24","Oregon",41,209,8
"1213","2020-03-24","Pennsylvania",42,851,7
"1214","2020-03-24","Puerto Rico",72,39,2
"1215","2020-03-24","Rhode Island",44,124,0
"1216","2020-03-24","South Carolina",45,342,7
"1217","2020-03-24","South Dakota",46,30,1
"1218","2020-03-24","Tennessee",47,679,2
"1219","2020-03-24","Texas",48,857,11
"1220","2020-03-24","Utah",49,298,1
"1221","2020-03-24","Vermont",50,95,7
"1222","2020-03-24","Virgin Islands",78,17,0
"1223","2020-03-24","Virginia",51,290,7
"1224","2020-03-24","Washington",53,2469,123
"1225","2020-03-24","West Virginia",54,39,0
"1226","2020-03-24","Wisconsin",55,481,5
"1227","2020-03-24","Wyoming",56,37,0
"1228","2020-03-25","Alabama",1,386,1
"1229","2020-03-25","Alaska",2,59,0
"1230","2020-03-25","Arizona",4,402,6
"1231","2020-03-25","Arkansas",5,308,2
"1232","2020-03-25","California",6,3183,67
"1233","2020-03-25","Colorado",8,1086,19
"1234","2020-03-25","Connecticut",9,875,19
"1235","2020-03-25","Delaware",10,119,0
"1236","2020-03-25","District of Columbia",11,231,3
"1237","2020-03-25","Florida",12,1965,23
"1238","2020-03-25","Georgia",13,1387,47
"1239","2020-03-25","Guam",66,32,1
"1240","2020-03-25","Hawaii",15,95,0
"1241","2020-03-25","Idaho",16,123,0
"1242","2020-03-25","Illinois",17,1875,21
"1243","2020-03-25","Indiana",18,479,14
"1244","2020-03-25","Iowa",19,145,1
"1245","2020-03-25","Kansas",20,132,3
"1246","2020-03-25","Kentucky",21,198,5
"1247","2020-03-25","Louisiana",22,1795,65
"1248","2020-03-25","Maine",23,142,0
"1249","2020-03-25","Maryland",24,423,4
"1250","2020-03-25","Massachusetts",25,1838,15
"1251","2020-03-25","Michigan",26,2294,43
"1252","2020-03-25","Minnesota",27,287,1
"1253","2020-03-25","Mississippi",28,377,5
"1254","2020-03-25","Missouri",29,377,8
"1255","2020-03-25","Montana",30,65,0
"1256","2020-03-25","Nebraska",31,84,0
"1257","2020-03-25","Nevada",32,405,10
"1258","2020-03-25","New Hampshire",33,137,1
"1259","2020-03-25","New Jersey",34,4402,62
"1260","2020-03-25","New Mexico",35,112,1
"1261","2020-03-25","New York",36,33066,325
"1262","2020-03-25","North Carolina",37,563,1
"1263","2020-03-25","North Dakota",38,45,0
"1264","2020-03-25","Ohio",39,706,11
"1265","2020-03-25","Oklahoma",40,164,5
"1266","2020-03-25","Oregon",41,266,10
"1267","2020-03-25","Pennsylvania",42,1151,11
"1268","2020-03-25","Puerto Rico",72,51,2
"1269","2020-03-25","Rhode Island",44,132,0
"1270","2020-03-25","South Carolina",45,424,7
"1271","2020-03-25","South Dakota",46,41,1
"1272","2020-03-25","Tennessee",47,806,3
"1273","2020-03-25","Texas",48,1119,12
"1274","2020-03-25","Utah",49,346,1
"1275","2020-03-25","Vermont",50,123,8
"1276","2020-03-25","Virgin Islands",78,17,0
"1277","2020-03-25","Virginia",51,391,9
"1278","2020-03-25","Washington",53,2585,130
"1279","2020-03-25","West Virginia",54,51,0
"1280","2020-03-25","Wisconsin",55,623,7
"1281","2020-03-25","Wyoming",56,49,0
"1282","2020-03-26","Alabama",1,538,3
"1283","2020-03-26","Alaska",2,69,0
"1284","2020-03-26","Arizona",4,508,8
"1285","2020-03-26","Arkansas",5,351,3
"1286","2020-03-26","California",6,4060,82
"1287","2020-03-26","Colorado",8,1432,24
"1288","2020-03-26","Connecticut",9,1012,21
"1289","2020-03-26","Delaware",10,143,1
"1290","2020-03-26","District of Columbia",11,267,3
"1291","2020-03-26","Florida",12,2477,29
"1292","2020-03-26","Georgia",13,1643,56
"1293","2020-03-26","Guam",66,49,1
"1294","2020-03-26","Hawaii",15,106,0
"1295","2020-03-26","Idaho",16,189,3
"1296","2020-03-26","Illinois",17,2538,26
"1297","2020-03-26","Indiana",18,656,18
"1298","2020-03-26","Iowa",19,179,1
"1299","2020-03-26","Kansas",20,171,3
"1300","2020-03-26","Kentucky",21,248,5
"1301","2020-03-26","Louisiana",22,2305,83
"1302","2020-03-26","Maine",23,155,0
"1303","2020-03-26","Maryland",24,581,4
"1304","2020-03-26","Massachusetts",25,2417,25
"1305","2020-03-26","Michigan",26,2878,63
"1306","2020-03-26","Minnesota",27,346,2
"1307","2020-03-26","Mississippi",28,487,6
"1308","2020-03-26","Missouri",29,507,8
"1309","2020-03-26","Montana",30,90,0
"1310","2020-03-26","Nebraska",31,92,0
"1311","2020-03-26","Nevada",32,535,10
"1312","2020-03-26","New Hampshire",33,158,1
"1313","2020-03-26","New Jersey",34,6876,81
"1314","2020-03-26","New Mexico",35,136,1
"1315","2020-03-26","New York",36,38987,432
"1316","2020-03-26","North Carolina",37,638,2
"1317","2020-03-26","North Dakota",38,58,0
"1318","2020-03-26","Ohio",39,867,15
"1319","2020-03-26","Oklahoma",40,248,7
"1320","2020-03-26","Oregon",41,316,11
"1321","2020-03-26","Pennsylvania",42,1690,16
"1322","2020-03-26","Puerto Rico",72,64,2
"1323","2020-03-26","Rhode Island",44,165,0
"1324","2020-03-26","South Carolina",45,456,9
"1325","2020-03-26","South Dakota",46,46,1
"1326","2020-03-26","Tennessee",47,981,3
"1327","2020-03-26","Texas",48,1543,21
"1328","2020-03-26","Utah",49,402,1
"1329","2020-03-26","Vermont",50,158,9
"1330","2020-03-26","Virgin Islands",78,17,0
"1331","2020-03-26","Virginia",51,604,14
"1332","2020-03-26","Washington",53,3208,151
"1333","2020-03-26","West Virginia",54,76,0
"1334","2020-03-26","Wisconsin",55,754,10
"1335","2020-03-26","Wyoming",56,56,0
"1336","2020-03-27","Alabama",1,639,4
"1337","2020-03-27","Alaska",2,85,1
"1338","2020-03-27","Arizona",4,665,15
"1339","2020-03-27","Arkansas",5,386,3
"1340","2020-03-27","California",6,4914,102
"1341","2020-03-27","Colorado",8,1735,31
"1342","2020-03-27","Connecticut",9,1291,27
"1343","2020-03-27","Delaware",10,165,2
"1344","2020-03-27","District of Columbia",11,304,4
"1345","2020-03-27","Florida",12,3198,46
"1346","2020-03-27","Georgia",13,2198,64
"1347","2020-03-27","Guam",66,53,1
"1348","2020-03-27","Hawaii",15,120,0
"1349","2020-03-27","Idaho",16,231,4
"1350","2020-03-27","Illinois",17,3029,37
"1351","2020-03-27","Indiana",18,982,26
"1352","2020-03-27","Iowa",19,235,3
"1353","2020-03-27","Kansas",20,212,4
"1354","2020-03-27","Kentucky",21,302,8
"1355","2020-03-27","Louisiana",22,2746,119
"1356","2020-03-27","Maine",23,168,1
"1357","2020-03-27","Maryland",24,775,5
"1358","2020-03-27","Massachusetts",25,3240,35
"1359","2020-03-27","Michigan",26,3657,93
"1360","2020-03-27","Minnesota",27,398,4
"1361","2020-03-27","Mississippi",28,579,8
"1362","2020-03-27","Missouri",29,671,9
"1363","2020-03-27","Montana",30,121,1
"1364","2020-03-27","Nebraska",31,100,2
"1365","2020-03-27","Nevada",32,621,10
"1366","2020-03-27","New Hampshire",33,187,2
"1367","2020-03-27","New Jersey",34,8825,108
"1368","2020-03-27","New Mexico",35,191,1
"1369","2020-03-27","New York",36,44635,535
"1370","2020-03-27","North Carolina",37,783,3
"1371","2020-03-27","North Dakota",38,68,1
"1372","2020-03-27","Ohio",39,1144,22
"1373","2020-03-27","Oklahoma",40,322,8
"1374","2020-03-27","Oregon",41,414,12
"1375","2020-03-27","Pennsylvania",42,2218,23
"1376","2020-03-27","Puerto Rico",72,79,3
"1377","2020-03-27","Rhode Island",44,203,0
"1378","2020-03-27","South Carolina",45,539,13
"1379","2020-03-27","South Dakota",46,58,1
"1380","2020-03-27","Tennessee",47,1180,6
"1381","2020-03-27","Texas",48,1942,23
"1382","2020-03-27","Utah",49,480,2
"1383","2020-03-27","Vermont",50,184,10
"1384","2020-03-27","Virgin Islands",78,19,0
"1385","2020-03-27","Virginia",51,606,14
"1386","2020-03-27","Washington",53,3770,177
"1387","2020-03-27","West Virginia",54,96,0
"1388","2020-03-27","Wisconsin",55,930,16
"1389","2020-03-27","Wyoming",56,73,0
"1390","2020-03-28","Alabama",1,720,4
"1391","2020-03-28","Alaska",2,102,1
"1392","2020-03-28","Arizona",4,773,15
"1393","2020-03-28","Arkansas",5,409,5
"1394","2020-03-28","California",6,5565,121
"1395","2020-03-28","Colorado",8,2061,44
"1396","2020-03-28","Connecticut",9,1524,33
"1397","2020-03-28","Delaware",10,214,5
"1398","2020-03-28","District of Columbia",11,342,4
"1399","2020-03-28","Florida",12,4038,56
"1400","2020-03-28","Georgia",13,2447,79
"1401","2020-03-28","Guam",66,57,1
"1402","2020-03-28","Hawaii",15,151,0
"1403","2020-03-28","Idaho",16,261,5
"1404","2020-03-28","Illinois",17,3547,50
"1405","2020-03-28","Indiana",18,1232,31
"1406","2020-03-28","Iowa",19,298,3
"1407","2020-03-28","Kansas",20,271,6
"1408","2020-03-28","Kentucky",21,394,9
"1409","2020-03-28","Louisiana",22,3315,137
"1410","2020-03-28","Maine",23,211,1
"1411","2020-03-28","Maryland",24,1066,10
"1412","2020-03-28","Massachusetts",25,4257,44
"1413","2020-03-28","Michigan",26,4635,111
"1414","2020-03-28","Minnesota",27,441,5
"1415","2020-03-28","Mississippi",28,669,13
"1416","2020-03-28","Missouri",29,838,10
"1417","2020-03-28","Montana",30,147,1
"1418","2020-03-28","Nebraska",31,122,2
"1419","2020-03-28","Nevada",32,738,14
"1420","2020-03-28","New Hampshire",33,214,2
"1421","2020-03-28","New Jersey",34,11124,140
"1422","2020-03-28","New Mexico",35,208,2
"1423","2020-03-28","New York",36,53363,782
"1424","2020-03-28","North Carolina",37,972,4
"1425","2020-03-28","North Dakota",38,94,1
"1426","2020-03-28","Northern Mariana Islands",69,2,0
"1427","2020-03-28","Ohio",39,1406,25
"1428","2020-03-28","Oklahoma",40,377,15
"1429","2020-03-28","Oregon",41,479,13
"1430","2020-03-28","Pennsylvania",42,2815,35
"1431","2020-03-28","Puerto Rico",72,100,3
"1432","2020-03-28","Rhode Island",44,239,2
"1433","2020-03-28","South Carolina",45,660,15
"1434","2020-03-28","South Dakota",46,68,1
"1435","2020-03-28","Tennessee",47,1364,6
"1436","2020-03-28","Texas",48,2161,29
"1437","2020-03-28","Utah",49,608,2
"1438","2020-03-28","Vermont",50,211,12
"1439","2020-03-28","Virgin Islands",78,19,0
"1440","2020-03-28","Virginia",51,740,17
"1441","2020-03-28","Washington",53,4311,191
"1442","2020-03-28","West Virginia",54,113,0
"1443","2020-03-28","Wisconsin",55,1042,17
"1444","2020-03-28","Wyoming",56,84,0
"1445","2020-03-29","Alabama",1,830,5
"1446","2020-03-29","Alaska",2,114,1
"1447","2020-03-29","Arizona",4,929,18
"1448","2020-03-29","Arkansas",5,449,6
"1449","2020-03-29","California",6,6266,130
"1450","2020-03-29","Colorado",8,2315,47
"1451","2020-03-29","Connecticut",9,1993,34
"1452","2020-03-29","Delaware",10,232,6
"1453","2020-03-29","District of Columbia",11,342,4
"1454","2020-03-29","Florida",12,4942,59
"1455","2020-03-29","Georgia",13,2683,83
"1456","2020-03-29","Guam",66,58,1
"1457","2020-03-29","Hawaii",15,175,0
"1458","2020-03-29","Idaho",16,310,6
"1459","2020-03-29","Illinois",17,4613,70
"1460","2020-03-29","Indiana",18,1514,32
"1461","2020-03-29","Iowa",19,336,4
"1462","2020-03-29","Kansas",20,332,7
"1463","2020-03-29","Kentucky",21,439,9
"1464","2020-03-29","Louisiana",22,3540,152
"1465","2020-03-29","Maine",23,253,3
"1466","2020-03-29","Maryland",24,1244,11
"1467","2020-03-29","Massachusetts",25,4955,48
"1468","2020-03-29","Michigan",26,5486,132
"1469","2020-03-29","Minnesota",27,504,9
"1470","2020-03-29","Mississippi",28,759,14
"1471","2020-03-29","Missouri",29,903,12
"1472","2020-03-29","Montana",30,161,1
"1473","2020-03-29","Nebraska",31,137,2
"1474","2020-03-29","Nevada",32,920,15
"1475","2020-03-29","New Hampshire",33,258,3
"1476","2020-03-29","New Jersey",34,13386,161
"1477","2020-03-29","New Mexico",35,237,2
"1478","2020-03-29","New York",36,59568,965
"1479","2020-03-29","North Carolina",37,1167,6
"1480","2020-03-29","North Dakota",38,98,1
"1481","2020-03-29","Northern Mariana Islands",69,2,0
"1482","2020-03-29","Ohio",39,1665,30
"1483","2020-03-29","Oklahoma",40,429,16
"1484","2020-03-29","Oregon",41,548,13
"1485","2020-03-29","Pennsylvania",42,3441,40
"1486","2020-03-29","Puerto Rico",72,127,5
"1487","2020-03-29","Rhode Island",44,294,3
"1488","2020-03-29","South Carolina",45,774,16
"1489","2020-03-29","South Dakota",46,90,1
"1490","2020-03-29","Tennessee",47,1570,7
"1491","2020-03-29","Texas",48,2712,35
"1492","2020-03-29","Utah",49,719,2
"1493","2020-03-29","Vermont",50,235,12
"1494","2020-03-29","Virgin Islands",78,23,0
"1495","2020-03-29","Virginia",51,890,22
"1496","2020-03-29","Washington",53,4896,207
"1497","2020-03-29","West Virginia",54,124,1
"1498","2020-03-29","Wisconsin",55,1120,17
"1499","2020-03-29","Wyoming",56,87,0
"1500","2020-03-30","Alabama",1,947,11
"1501","2020-03-30","Alaska",2,119,2
"1502","2020-03-30","Arizona",4,1169,20
"1503","2020-03-30","Arkansas",5,508,7
"1504","2020-03-30","California",6,7421,146
"1505","2020-03-30","Colorado",8,2628,51
"1506","2020-03-30","Connecticut",9,2571,36
"1507","2020-03-30","Delaware",10,264,7
"1508","2020-03-30","District of Columbia",11,495,9
"1509","2020-03-30","Florida",12,5694,71
"1510","2020-03-30","Georgia",13,3032,102
"1511","2020-03-30","Guam",66,60,1
"1512","2020-03-30","Hawaii",15,204,0
"1513","2020-03-30","Idaho",16,415,7
"1514","2020-03-30","Illinois",17,5070,84
"1515","2020-03-30","Indiana",18,1788,35
"1516","2020-03-30","Iowa",19,424,6
"1517","2020-03-30","Kansas",20,373,9
"1518","2020-03-30","Kentucky",21,480,11
"1519","2020-03-30","Louisiana",22,4025,186
"1520","2020-03-30","Maine",23,275,3
"1521","2020-03-30","Maryland",24,1414,15
"1522","2020-03-30","Massachusetts",25,5752,61
"1523","2020-03-30","Michigan",26,6508,197
"1524","2020-03-30","Minnesota",27,576,10
"1525","2020-03-30","Mississippi",28,848,16
"1526","2020-03-30","Missouri",29,1050,13
"1527","2020-03-30","Montana",30,177,4
"1528","2020-03-30","Nebraska",31,185,3
"1529","2020-03-30","Nevada",32,1044,18
"1530","2020-03-30","New Hampshire",33,314,3
"1531","2020-03-30","New Jersey",34,16636,199
"1532","2020-03-30","New Mexico",35,281,4
"1533","2020-03-30","New York",36,67174,1224
"1534","2020-03-30","North Carolina",37,1304,6
"1535","2020-03-30","North Dakota",38,109,3
"1536","2020-03-30","Northern Mariana Islands",69,2,0
"1537","2020-03-30","Ohio",39,1933,40
"1538","2020-03-30","Oklahoma",40,481,17
"1539","2020-03-30","Oregon",41,606,16
"1540","2020-03-30","Pennsylvania",42,4156,48
"1541","2020-03-30","Puerto Rico",72,174,6
"1542","2020-03-30","Rhode Island",44,408,4
"1543","2020-03-30","South Carolina",45,925,18
"1544","2020-03-30","South Dakota",46,101,1
"1545","2020-03-30","Tennessee",47,1721,13
"1546","2020-03-30","Texas",48,3043,46
"1547","2020-03-30","Utah",49,806,4
"1548","2020-03-30","Vermont",50,256,12
"1549","2020-03-30","Virgin Islands",78,30,0
"1550","2020-03-30","Virginia",51,1021,26
"1551","2020-03-30","Washington",53,5179,221
"1552","2020-03-30","West Virginia",54,145,1
"1553","2020-03-30","Wisconsin",55,1267,20
"1554","2020-03-30","Wyoming",56,95,0
"1555","2020-03-31","Alabama",1,999,13
"1556","2020-03-31","Alaska",2,133,2
"1557","2020-03-31","Arizona",4,1298,24
"1558","2020-03-31","Arkansas",5,564,8
"1559","2020-03-31","California",6,8582,183
"1560","2020-03-31","Colorado",8,2990,69
"1561","2020-03-31","Connecticut",9,3128,69
"1562","2020-03-31","Delaware",10,319,10
"1563","2020-03-31","District of Columbia",11,495,9
"1564","2020-03-31","Florida",12,6741,85
"1565","2020-03-31","Georgia",13,4117,125
"1566","2020-03-31","Guam",66,139,2
"1567","2020-03-31","Hawaii",15,224,1
"1568","2020-03-31","Idaho",16,526,9
"1569","2020-03-31","Illinois",17,5994,107
"1570","2020-03-31","Indiana",18,2159,50
"1571","2020-03-31","Iowa",19,498,7
"1572","2020-03-31","Kansas",20,434,10
"1573","2020-03-31","Kentucky",21,590,18
"1574","2020-03-31","Louisiana",22,5237,240
"1575","2020-03-31","Maine",23,303,5
"1576","2020-03-31","Maryland",24,1662,18
"1577","2020-03-31","Massachusetts",25,6620,89
"1578","2020-03-31","Michigan",26,7630,264
"1579","2020-03-31","Minnesota",27,629,12
"1580","2020-03-31","Mississippi",28,937,20
"1581","2020-03-31","Missouri",29,1351,15
"1582","2020-03-31","Montana",30,198,5
"1583","2020-03-31","Nebraska",31,193,4
"1584","2020-03-31","Nevada",32,1113,26
"1585","2020-03-31","New Hampshire",33,367,3
"1586","2020-03-31","New Jersey",34,18696,267
"1587","2020-03-31","New Mexico",35,315,5
"1588","2020-03-31","New York",36,75832,1550
"1589","2020-03-31","North Carolina",37,1528,10
"1590","2020-03-31","North Dakota",38,126,3
"1591","2020-03-31","Northern Mariana Islands",69,2,0
"1592","2020-03-31","Ohio",39,2199,55
"1593","2020-03-31","Oklahoma",40,566,23
"1594","2020-03-31","Oregon",41,690,18
"1595","2020-03-31","Pennsylvania",42,4997,72
"1596","2020-03-31","Puerto Rico",72,239,8
"1597","2020-03-31","Rhode Island",44,488,8
"1598","2020-03-31","South Carolina",45,1083,22
"1599","2020-03-31","South Dakota",46,108,1
"1600","2020-03-31","Tennessee",47,2049,13
"1601","2020-03-31","Texas",48,3576,57
"1602","2020-03-31","Utah",49,887,5
"1603","2020-03-31","Vermont",50,293,13
"1604","2020-03-31","Virgin Islands",78,30,0
"1605","2020-03-31","Virginia",51,1250,27
"1606","2020-03-31","Washington",53,5292,226
"1607","2020-03-31","West Virginia",54,162,1
"1608","2020-03-31","Wisconsin",55,1351,25
"1609","2020-03-31","Wyoming",56,120,0
"1610","2020-04-01","Alabama",1,1106,28
"1611","2020-04-01","Alaska",2,143,2
"1612","2020-04-01","Arizona",4,1413,29
"1613","2020-04-01","Arkansas",5,624,10
"1614","2020-04-01","California",6,9816,212
"1615","2020-04-01","Colorado",8,3346,80
"1616","2020-04-01","Connecticut",9,3557,85
"1617","2020-04-01","Delaware",10,368,11
"1618","2020-04-01","District of Columbia",11,586,11
"1619","2020-04-01","Florida",12,7765,100
"1620","2020-04-01","Georgia",13,4748,154
"1621","2020-04-01","Guam",66,147,3
"1622","2020-04-01","Hawaii",15,258,1
"1623","2020-04-01","Idaho",16,669,9
"1624","2020-04-01","Illinois",17,6980,146
"1625","2020-04-01","Indiana",18,2565,65
"1626","2020-04-01","Iowa",19,549,9
"1627","2020-04-01","Kansas",20,488,11
"1628","2020-04-01","Kentucky",21,682,20
"1629","2020-04-01","Louisiana",22,6424,273
"1630","2020-04-01","Maine",23,344,7
"1631","2020-04-01","Maryland",24,1985,33
"1632","2020-04-01","Massachusetts",25,7738,122
"1633","2020-04-01","Michigan",26,9293,336
"1634","2020-04-01","Minnesota",27,689,17
"1635","2020-04-01","Mississippi",28,1073,22
"1636","2020-04-01","Missouri",29,1581,18
"1637","2020-04-01","Montana",30,217,5
"1638","2020-04-01","Nebraska",31,249,5
"1639","2020-04-01","Nevada",32,1279,32
"1640","2020-04-01","New Hampshire",33,415,4
"1641","2020-04-01","New Jersey",34,22255,355
"1642","2020-04-01","New Mexico",35,363,6
"1643","2020-04-01","New York",36,83889,1941
"1644","2020-04-01","North Carolina",37,1582,11
"1645","2020-04-01","North Dakota",38,147,3
"1646","2020-04-01","Northern Mariana Islands",69,6,1
"1647","2020-04-01","Ohio",39,2547,65
"1648","2020-04-01","Oklahoma",40,719,30
"1649","2020-04-01","Oregon",41,736,19
"1650","2020-04-01","Pennsylvania",42,5805,74
"1651","2020-04-01","Puerto Rico",72,286,11
"1652","2020-04-01","Rhode Island",44,566,10
"1653","2020-04-01","South Carolina",45,1293,26
"1654","2020-04-01","South Dakota",46,129,2
"1655","2020-04-01","Tennessee",47,2690,23
"1656","2020-04-01","Texas",48,4261,63
"1657","2020-04-01","Utah",49,1012,7
"1658","2020-04-01","Vermont",50,321,16
"1659","2020-04-01","Virgin Islands",78,30,0
"1660","2020-04-01","Virginia",51,1511,34
"1661","2020-04-01","Washington",53,5588,249
"1662","2020-04-01","West Virginia",54,191,2
"1663","2020-04-01","Wisconsin",55,1550,33
"1664","2020-04-01","Wyoming",56,137,0
"1665","2020-04-02","Alabama",1,1270,32
"1666","2020-04-02","Alaska",2,146,2
"1667","2020-04-02","Arizona",4,1600,35
"1668","2020-04-02","Arkansas",5,683,12
"1669","2020-04-02","California",6,11190,247
"1670","2020-04-02","Colorado",8,3728,96
"1671","2020-04-02","Connecticut",9,3824,112
"1672","2020-04-02","Delaware",10,393,12
"1673","2020-04-02","District of Columbia",11,653,12
"1674","2020-04-02","Florida",12,9000,144
"1675","2020-04-02","Georgia",13,5444,176
"1676","2020-04-02","Guam",66,152,3
"1677","2020-04-02","Hawaii",15,283,2
"1678","2020-04-02","Idaho",16,891,9
"1679","2020-04-02","Illinois",17,7695,165
"1680","2020-04-02","Indiana",18,3039,78
"1681","2020-04-02","Iowa",19,614,11
"1682","2020-04-02","Kansas",20,554,14
"1683","2020-04-02","Kentucky",21,755,34
"1684","2020-04-02","Louisiana",22,9150,310
"1685","2020-04-02","Maine",23,376,7
"1686","2020-04-02","Maryland",24,2331,36
"1687","2020-04-02","Massachusetts",25,8966,154
"1688","2020-04-02","Michigan",26,10791,417
"1689","2020-04-02","Minnesota",27,742,18
"1690","2020-04-02","Mississippi",28,1177,26
"1691","2020-04-02","Missouri",29,1834,24
"1692","2020-04-02","Montana",30,241,5
"1693","2020-04-02","Nebraska",31,273,6
"1694","2020-04-02","Nevada",32,1458,38
"1695","2020-04-02","New Hampshire",33,479,5
"1696","2020-04-02","New Jersey",34,25590,539
"1697","2020-04-02","New Mexico",35,403,7
"1698","2020-04-02","New York",36,92770,2653
"1699","2020-04-02","North Carolina",37,1857,17
"1700","2020-04-02","North Dakota",38,159,3
"1701","2020-04-02","Northern Mariana Islands",69,8,1
"1702","2020-04-02","Ohio",39,2902,81
"1703","2020-04-02","Oklahoma",40,879,34
"1704","2020-04-02","Oregon",41,826,21
"1705","2020-04-02","Pennsylvania",42,7016,90
"1706","2020-04-02","Puerto Rico",72,316,12
"1707","2020-04-02","Rhode Island",44,657,12
"1708","2020-04-02","South Carolina",45,1554,31
"1709","2020-04-02","South Dakota",46,165,2
"1710","2020-04-02","Tennessee",47,2869,32
"1711","2020-04-02","Texas",48,4880,79
"1712","2020-04-02","Utah",49,1074,7
"1713","2020-04-02","Vermont",50,338,17
"1714","2020-04-02","Virgin Islands",78,37,0
"1715","2020-04-02","Virginia",51,1706,41
"1716","2020-04-02","Washington",53,6585,272
"1717","2020-04-02","West Virginia",54,217,2
"1718","2020-04-02","Wisconsin",55,1730,37
"1719","2020-04-02","Wyoming",56,153,0
"1720","2020-04-03","Alabama",1,1535,38
"1721","2020-04-03","Alaska",2,156,2
"1722","2020-04-03","Arizona",4,1769,41
"1723","2020-04-03","Arkansas",5,738,12
"1724","2020-04-03","California",6,12569,282
"1725","2020-04-03","Colorado",8,4182,110
"1726","2020-04-03","Connecticut",9,4915,132
"1727","2020-04-03","Delaware",10,450,14
"1728","2020-04-03","District of Columbia",11,757,15
"1729","2020-04-03","Florida",12,10260,169
"1730","2020-04-03","Georgia",13,5967,198
"1731","2020-04-03","Guam",66,154,4
"1732","2020-04-03","Hawaii",15,317,3
"1733","2020-04-03","Idaho",16,1013,10
"1734","2020-04-03","Illinois",17,8904,211
"1735","2020-04-03","Indiana",18,3437,102
"1736","2020-04-03","Iowa",19,699,11
"1737","2020-04-03","Kansas",20,624,19
"1738","2020-04-03","Kentucky",21,770,34
"1739","2020-04-03","Louisiana",22,10297,370
"1740","2020-04-03","Maine",23,432,9
"1741","2020-04-03","Maryland",24,2758,42
"1742","2020-04-03","Massachusetts",25,10402,192
"1743","2020-04-03","Michigan",26,12670,478
"1744","2020-04-03","Minnesota",27,789,22
"1745","2020-04-03","Mississippi",28,1358,29
"1746","2020-04-03","Missouri",29,2113,31
"1747","2020-04-03","Montana",30,262,5
"1748","2020-04-03","Nebraska",31,296,6
"1749","2020-04-03","Nevada",32,1549,43
"1750","2020-04-03","New Hampshire",33,540,7
"1751","2020-04-03","New Jersey",34,29895,647
"1752","2020-04-03","New Mexico",35,495,10
"1753","2020-04-03","New York",36,102870,2935
"1754","2020-04-03","North Carolina",37,2093,19
"1755","2020-04-03","North Dakota",38,173,3
"1756","2020-04-03","Northern Mariana Islands",69,8,1
"1757","2020-04-03","Ohio",39,3312,91
"1758","2020-04-03","Oklahoma",40,988,38
"1759","2020-04-03","Oregon",41,899,22
"1760","2020-04-03","Pennsylvania",42,8420,102
"1761","2020-04-03","Puerto Rico",72,378,15
"1762","2020-04-03","Rhode Island",44,711,14
"1763","2020-04-03","South Carolina",45,1700,34
"1764","2020-04-03","South Dakota",46,187,2
"1765","2020-04-03","Tennessee",47,3032,36
"1766","2020-04-03","Texas",48,5669,97
"1767","2020-04-03","Utah",49,1260,7
"1768","2020-04-03","Vermont",50,389,17
"1769","2020-04-03","Virgin Islands",78,38,0
"1770","2020-04-03","Virginia",51,2012,46
"1771","2020-04-03","Washington",53,6966,293
"1772","2020-04-03","West Virginia",54,242,2
"1773","2020-04-03","Wisconsin",55,1916,49
"1774","2020-04-03","Wyoming",56,166,0
"1775","2020-04-04","Alabama",1,1633,44
"1776","2020-04-04","Alaska",2,169,3
"1777","2020-04-04","Arizona",4,2019,53
"1778","2020-04-04","Arkansas",5,743,14
"1779","2020-04-04","California",6,13796,323
"1780","2020-04-04","Colorado",8,4574,126
"1781","2020-04-04","Connecticut",9,5276,165
"1782","2020-04-04","Delaware",10,593,14
"1783","2020-04-04","District of Columbia",11,902,21
"1784","2020-04-04","Florida",12,11537,194
"1785","2020-04-04","Georgia",13,6383,208
"1786","2020-04-04","Guam",66,223,4
"1787","2020-04-04","Hawaii",15,349,3
"1788","2020-04-04","Idaho",16,1077,10
"1789","2020-04-04","Illinois",17,10357,248
"1790","2020-04-04","Indiana",18,3953,116
"1791","2020-04-04","Iowa",19,786,11
"1792","2020-04-04","Kansas",20,701,21
"1793","2020-04-04","Kentucky",21,917,40
"1794","2020-04-04","Louisiana",22,12496,412
"1795","2020-04-04","Maine",23,456,10
"1796","2020-04-04","Maryland",24,3125,54
"1797","2020-04-04","Massachusetts",25,11736,216
"1798","2020-04-04","Michigan",26,14225,540
"1799","2020-04-04","Minnesota",27,865,24
"1800","2020-04-04","Mississippi",28,1455,35
"1801","2020-04-04","Missouri",29,2291,44
"1802","2020-04-04","Montana",30,281,6
"1803","2020-04-04","Nebraska",31,339,8
"1804","2020-04-04","Nevada",32,1758,46
"1805","2020-04-04","New Hampshire",33,621,9
"1806","2020-04-04","New Jersey",34,34124,847
"1807","2020-04-04","New Mexico",35,543,11
"1808","2020-04-04","New York",36,114996,3568
"1809","2020-04-04","North Carolina",37,2402,30
"1810","2020-04-04","North Dakota",38,186,3
"1811","2020-04-04","Northern Mariana Islands",69,8,1
"1812","2020-04-04","Ohio",39,3739,102
"1813","2020-04-04","Oklahoma",40,1159,42
"1814","2020-04-04","Oregon",41,999,26
"1815","2020-04-04","Pennsylvania",42,10109,139
"1816","2020-04-04","Puerto Rico",72,452,18
"1817","2020-04-04","Rhode Island",44,806,17
"1818","2020-04-04","South Carolina",45,1917,40
"1819","2020-04-04","South Dakota",46,212,2
"1820","2020-04-04","Tennessee",47,3265,47
"1821","2020-04-04","Texas",48,6566,124
"1822","2020-04-04","Utah",49,1428,8
"1823","2020-04-04","Vermont",50,461,20
"1824","2020-04-04","Virgin Islands",78,42,0
"1825","2020-04-04","Virginia",51,2407,52
"1826","2020-04-04","Washington",53,7498,318
"1827","2020-04-04","West Virginia",54,282,2
"1828","2020-04-04","Wisconsin",55,2112,60
"1829","2020-04-04","Wyoming",56,187,0
"1830","2020-04-05","Alabama",1,1841,45
"1831","2020-04-05","Alaska",2,185,4
"1832","2020-04-05","Arizona",4,2269,64
"1833","2020-04-05","Arkansas",5,853,16
"1834","2020-04-05","California",6,15076,349
"1835","2020-04-05","Colorado",8,4950,140
"1836","2020-04-05","Connecticut",9,5675,189
"1837","2020-04-05","Delaware",10,673,14
"1838","2020-04-05","District of Columbia",11,998,22
"1839","2020-04-05","Florida",12,12342,220
"1840","2020-04-05","Georgia",13,6742,219
"1841","2020-04-05","Guam",66,265,4
"1842","2020-04-05","Hawaii",15,369,4
"1843","2020-04-05","Idaho",16,1101,10
"1844","2020-04-05","Illinois",17,11276,282
"1845","2020-04-05","Indiana",18,4411,127
"1846","2020-04-05","Iowa",19,868,22
"1847","2020-04-05","Kansas",20,763,23
"1848","2020-04-05","Kentucky",21,1048,44
"1849","2020-04-05","Louisiana",22,13010,477
"1850","2020-04-05","Maine",23,470,10
"1851","2020-04-05","Maryland",24,3609,68
"1852","2020-04-05","Massachusetts",25,12500,231
"1853","2020-04-05","Michigan",26,15635,616
"1854","2020-04-05","Minnesota",27,935,29
"1855","2020-04-05","Mississippi",28,1638,43
"1856","2020-04-05","Missouri",29,2367,52
"1857","2020-04-05","Montana",30,298,6
"1858","2020-04-05","Nebraska",31,377,8
"1859","2020-04-05","Nevada",32,1880,46
"1860","2020-04-05","New Hampshire",33,669,9
"1861","2020-04-05","New Jersey",34,37505,917
"1862","2020-04-05","New Mexico",35,624,12
"1863","2020-04-05","New York",36,122911,4161
"1864","2020-04-05","North Carolina",37,2585,37
"1865","2020-04-05","North Dakota",38,207,3
"1866","2020-04-05","Northern Mariana Islands",69,8,1
"1867","2020-04-05","Ohio",39,4043,119
"1868","2020-04-05","Oklahoma",40,1252,46
"1869","2020-04-05","Oregon",41,1068,27
"1870","2020-04-05","Pennsylvania",42,11589,159
"1871","2020-04-05","Puerto Rico",72,475,20
"1872","2020-04-05","Rhode Island",44,922,25
"1873","2020-04-05","South Carolina",45,2049,44
"1874","2020-04-05","South Dakota",46,240,2
"1875","2020-04-05","Tennessee",47,3538,50
"1876","2020-04-05","Texas",48,7094,137
"1877","2020-04-05","Utah",49,1605,8
"1878","2020-04-05","Vermont",50,512,22
"1879","2020-04-05","Virgin Islands",78,42,0
"1880","2020-04-05","Virginia",51,2637,52
"1881","2020-04-05","Washington",53,7984,344
"1882","2020-04-05","West Virginia",54,324,3
"1883","2020-04-05","Wisconsin",55,2267,73
"1884","2020-04-05","Wyoming",56,200,0
"1885","2020-04-06","Alabama",1,2006,53
"1886","2020-04-06","Alaska",2,189,4
"1887","2020-04-06","Arizona",4,2465,67
"1888","2020-04-06","Arkansas",5,927,16
"1889","2020-04-06","California",6,16284,386
"1890","2020-04-06","Colorado",8,5172,150
"1891","2020-04-06","Connecticut",9,6906,206
"1892","2020-04-06","Delaware",10,783,15
"1893","2020-04-06","District of Columbia",11,1097,24
"1894","2020-04-06","Florida",12,13621,253
"1895","2020-04-06","Georgia",13,7558,294
"1896","2020-04-06","Guam",66,266,4
"1897","2020-04-06","Hawaii",15,385,5
"1898","2020-04-06","Idaho",16,1170,13
"1899","2020-04-06","Illinois",17,12262,309
"1900","2020-04-06","Indiana",18,4956,141
"1901","2020-04-06","Iowa",19,946,25
"1902","2020-04-06","Kansas",20,853,25
"1903","2020-04-06","Kentucky",21,1057,52
"1904","2020-04-06","Louisiana",22,14867,512
"1905","2020-04-06","Maine",23,499,10
"1906","2020-04-06","Maryland",24,4045,92
"1907","2020-04-06","Massachusetts",25,13837,260
"1908","2020-04-06","Michigan",26,17130,727
"1909","2020-04-06","Minnesota",27,986,30
"1910","2020-04-06","Mississippi",28,1738,51
"1911","2020-04-06","Missouri",29,2722,56
"1912","2020-04-06","Montana",30,319,6
"1913","2020-04-06","Nebraska",31,438,10
"1914","2020-04-06","Nevada",32,1971,58
"1915","2020-04-06","New Hampshire",33,715,9
"1916","2020-04-06","New Jersey",34,41090,1005
"1917","2020-04-06","New Mexico",35,686,12
"1918","2020-04-06","New York",36,130703,4758
"1919","2020-04-06","North Carolina",37,2870,40
"1920","2020-04-06","North Dakota",38,225,3
"1921","2020-04-06","Northern Mariana Islands",69,8,1
"1922","2020-04-06","Ohio",39,4450,142
"1923","2020-04-06","Oklahoma",40,1327,51
"1924","2020-04-06","Oregon",41,1132,29
"1925","2020-04-06","Pennsylvania",42,13074,169
"1926","2020-04-06","Puerto Rico",72,513,21
"1927","2020-04-06","Rhode Island",44,1082,27
"1928","2020-04-06","South Carolina",45,2232,48
"1929","2020-04-06","South Dakota",46,288,4
"1930","2020-04-06","Tennessee",47,3753,65
"1931","2020-04-06","Texas",48,8115,160
"1932","2020-04-06","Utah",49,1675,13
"1933","2020-04-06","Vermont",50,543,23
"1934","2020-04-06","Virgin Islands",78,43,1
"1935","2020-04-06","Virginia",51,2878,54
"1936","2020-04-06","Washington",53,8384,383
"1937","2020-04-06","West Virginia",54,345,4
"1938","2020-04-06","Wisconsin",55,2440,83
"1939","2020-04-06","Wyoming",56,212,0
